Product_ID,Warehouse_ID,Warehouse_City,Stock_Available,Reorder_Level,Reorder_Qty,Last_Stock_Update,Inventory_Value
PRD00001,WH002,Mumbai,668,74,106,2025-12-21,1653393.52
PRD00001,WH005,Chennai,430,78,198,2025-12-27,1064310.2
PRD00002,WH002,Mumbai,777,72,156,2025-12-14,1182322.05
PRD00002,WH004,Hyderabad,804,80,225,2025-12-30,1223406.6
PRD00002,WH001,Bangalore,443,70,228,2025-12-13,674090.95
PRD00002,WH008,Dubai,45,25,225,2025-12-14,68474.25
PRD00003,WH001,Bangalore,694,89,156,2025-12-02,608596.36
PRD00003,WH002,Mumbai,799,106,223,2025-12-30,700675.06
PRD00003,WH007,Bhubaneswar,144,44,194,2025-12-05,126279.36
PRD00003,WH004,Hyderabad,657,111,103,2025-12-18,576149.58
PRD00003,WH003,Delhi,258,120,288,2025-12-18,226250.52
PRD00004,WH005,Chennai,480,22,129,2025-12-18,606110.4
PRD00004,WH006,Kolkata,858,112,208,2025-12-01,1083422.34
PRD00004,WH008,Dubai,226,24,178,2025-12-01,285376.98
PRD00004,WH002,Mumbai,231,32,239,2025-12-24,291690.63
PRD00004,WH004,Hyderabad,579,74,160,2025-12-31,731120.67
PRD00005,WH007,Bhubaneswar,623,25,199,2025-12-21,2296845.25
PRD00005,WH003,Delhi,712,107,245,2025-12-27,2624966.0
PRD00005,WH002,Mumbai,549,84,236,2025-12-02,2024025.75
PRD00006,WH002,Mumbai,285,44,297,2025-12-25,1407144.75
PRD00006,WH007,Bhubaneswar,443,56,166,2025-12-09,2187246.05
PRD00007,WH003,Delhi,748,46,292,2025-12-14,799791.52
PRD00007,WH007,Bhubaneswar,362,37,280,2025-12-10,387064.88
PRD00007,WH008,Dubai,675,35,154,2025-12-04,721737.0
PRD00007,WH004,Hyderabad,464,80,139,2025-12-24,496127.36
PRD00008,WH008,Dubai,154,51,282,2025-12-13,114991.8
PRD00008,WH003,Delhi,707,62,280,2025-12-13,527916.9
PRD00008,WH004,Hyderabad,321,71,219,2025-12-27,239690.7
PRD00008,WH001,Bangalore,411,95,274,2025-12-11,306893.7
PRD00009,WH003,Delhi,564,111,273,2025-12-13,6527764.2
PRD00009,WH001,Bangalore,63,103,263,2025-12-09,729165.15
PRD00009,WH006,Kolkata,147,89,62,2025-12-22,1701385.35
PRD00009,WH004,Hyderabad,363,77,178,2025-12-25,4201380.15
PRD00009,WH007,Bhubaneswar,646,44,186,2025-12-19,7476836.3
PRD00010,WH008,Dubai,572,41,243,2025-12-01,134162.6
PRD00010,WH005,Chennai,877,96,288,2025-12-15,205700.35
PRD00010,WH001,Bangalore,620,83,127,2025-12-18,145421.0
PRD00010,WH002,Mumbai,53,41,71,2025-12-01,12431.15
PRD00011,WH001,Bangalore,102,114,70,2025-12-08,27729.72
PRD00011,WH008,Dubai,593,21,62,2025-12-15,161212.98
PRD00011,WH004,Hyderabad,564,70,106,2025-12-26,153329.04
PRD00012,WH001,Bangalore,197,39,215,2025-12-17,1761570.06
PRD00012,WH004,Hyderabad,814,58,199,2025-12-15,7278771.72
PRD00013,WH003,Delhi,528,110,244,2025-12-30,1193575.68
PRD00013,WH004,Hyderabad,792,83,287,2025-12-14,1790363.52
PRD00014,WH007,Bhubaneswar,324,36,131,2025-12-12,55037.88
PRD00014,WH006,Kolkata,176,65,92,2025-12-17,29897.12
PRD00015,WH008,Dubai,795,57,228,2025-12-09,3883225.2
PRD00015,WH003,Delhi,38,61,279,2025-12-06,185613.28
PRD00016,WH006,Kolkata,13,59,88,2025-12-20,3719.82
PRD00016,WH004,Hyderabad,259,93,95,2025-12-04,74110.26
PRD00016,WH001,Bangalore,561,60,183,2025-12-13,160524.54
PRD00017,WH003,Delhi,641,35,222,2025-12-19,1045817.14
PRD00017,WH001,Bangalore,41,71,207,2025-12-31,66893.14
PRD00017,WH004,Hyderabad,482,104,128,2025-12-28,786402.28
PRD00018,WH001,Bangalore,313,24,296,2025-12-22,1106652.19
PRD00018,WH004,Hyderabad,816,53,170,2025-12-10,2885074.08
PRD00018,WH006,Kolkata,580,52,293,2025-12-02,2050665.4
PRD00018,WH005,Chennai,541,79,146,2025-12-07,1912775.83
PRD00019,WH006,Kolkata,122,66,113,2025-12-11,107357.56
PRD00019,WH005,Chennai,517,72,229,2025-12-05,454949.66
PRD00020,WH006,Kolkata,894,49,73,2025-12-13,6515874.3
PRD00020,WH005,Chennai,477,68,271,2025-12-11,3476590.65
PRD00020,WH003,Delhi,586,55,70,2025-12-10,4271031.7
PRD00020,WH007,Bhubaneswar,855,28,265,2025-12-08,6231624.75
PRD00021,WH008,Dubai,888,112,75,2025-12-29,514489.44
PRD00021,WH003,Delhi,234,55,85,2025-12-29,135574.92
PRD00021,WH004,Hyderabad,322,22,103,2025-12-11,186560.36
PRD00021,WH001,Bangalore,228,104,53,2025-12-23,132098.64
PRD00022,WH006,Kolkata,256,64,229,2025-12-07,186782.72
PRD00022,WH008,Dubai,517,29,193,2025-12-26,377213.54
PRD00022,WH005,Chennai,626,109,215,2025-12-01,456742.12
PRD00023,WH007,Bhubaneswar,431,63,275,2025-12-25,5115301.95
PRD00023,WH002,Mumbai,189,70,129,2025-12-14,2243137.05
PRD00023,WH003,Delhi,443,104,188,2025-12-13,5257723.35
PRD00023,WH008,Dubai,850,49,164,2025-12-03,10088182.5
PRD00023,WH004,Hyderabad,708,79,283,2025-12-24,8402862.6
PRD00024,WH004,Hyderabad,634,112,178,2025-12-23,2650798.38
PRD00024,WH001,Bangalore,717,67,225,2025-12-02,2997827.19
PRD00024,WH005,Chennai,706,26,171,2025-12-16,2951835.42
PRD00024,WH002,Mumbai,373,55,180,2025-12-21,1559539.11
PRD00024,WH007,Bhubaneswar,867,53,131,2025-12-05,3624987.69
PRD00025,WH004,Hyderabad,244,110,123,2025-12-27,1132440.6
PRD00025,WH001,Bangalore,638,24,191,2025-12-18,2961053.7
PRD00025,WH006,Kolkata,364,65,178,2025-12-16,1689378.6
PRD00025,WH005,Chennai,825,117,273,2025-12-17,3828948.75
PRD00026,WH003,Delhi,178,79,192,2025-12-02,5674761.04
PRD00026,WH008,Dubai,783,37,277,2025-12-28,24962572.44
PRD00027,WH001,Bangalore,857,25,104,2025-12-28,39830746.15
PRD00027,WH004,Hyderabad,333,43,152,2025-12-10,15476824.35
PRD00027,WH007,Bhubaneswar,264,44,166,2025-12-17,12269914.8
PRD00027,WH008,Dubai,449,75,159,2025-12-23,20868150.55
PRD00028,WH008,Dubai,534,116,231,2025-12-30,41577.24
PRD00028,WH001,Bangalore,474,35,244,2025-12-29,36905.64
PRD00028,WH006,Kolkata,294,93,66,2025-12-31,22890.84
PRD00028,WH003,Delhi,824,106,142,2025-12-08,64156.64
PRD00029,WH002,Mumbai,890,52,120,2025-12-19,3646890.7
PRD00029,WH003,Delhi,271,75,221,2025-12-24,1110457.73
PRD00029,WH004,Hyderabad,446,45,269,2025-12-10,1827542.98
PRD00030,WH005,Chennai,386,35,295,2025-12-02,5628045.98
PRD00030,WH004,Hyderabad,544,70,62,2025-12-13,7931753.92
PRD00030,WH001,Bangalore,642,83,87,2025-12-12,9360636.06
PRD00031,WH008,Dubai,357,113,142,2025-12-30,335565.72
PRD00031,WH006,Kolkata,356,40,158,2025-12-27,334625.76
PRD00031,WH002,Mumbai,522,50,197,2025-12-05,490659.12
PRD00031,WH003,Delhi,710,89,289,2025-12-16,667371.6
PRD00031,WH005,Chennai,94,94,227,2025-12-11,88356.24
PRD00032,WH004,Hyderabad,772,111,78,2025-12-25,1381370.48
PRD00032,WH003,Delhi,192,38,133,2025-12-24,343553.28
PRD00032,WH006,Kolkata,602,60,274,2025-12-29,1077182.68
PRD00032,WH005,Chennai,224,51,85,2025-12-10,400812.16
PRD00032,WH002,Mumbai,119,108,73,2025-12-25,212931.46
PRD00033,WH002,Mumbai,717,103,237,2025-12-26,22904048.76
PRD00033,WH007,Bhubaneswar,80,91,119,2025-12-14,2555542.4
PRD00034,WH003,Delhi,795,113,191,2025-12-16,1165295.1
PRD00034,WH006,Kolkata,655,65,287,2025-12-11,960085.9
PRD00034,WH002,Mumbai,791,57,227,2025-12-10,1159431.98
PRD00034,WH001,Bangalore,407,24,283,2025-12-28,596572.46
PRD00035,WH005,Chennai,545,51,218,2025-12-13,1719273.35
PRD00035,WH008,Dubai,275,27,121,2025-12-22,867523.25
PRD00036,WH007,Bhubaneswar,496,63,187,2025-12-26,4547208.96
PRD00036,WH001,Bangalore,704,83,104,2025-12-10,6454103.04
PRD00037,WH003,Delhi,445,71,128,2025-12-19,50876164.7
PRD00037,WH006,Kolkata,154,68,59,2025-12-24,17606582.84
PRD00037,WH005,Chennai,11,33,251,2025-12-31,1257613.06
PRD00038,WH008,Dubai,652,104,279,2025-12-19,1268537.72
PRD00038,WH005,Chennai,91,113,132,2025-12-24,177050.51
PRD00039,WH004,Hyderabad,120,67,291,2025-12-25,226808.4
PRD00039,WH008,Dubai,464,35,225,2025-12-23,876992.48
PRD00039,WH007,Bhubaneswar,244,107,52,2025-12-06,461177.08
PRD00039,WH001,Bangalore,763,93,269,2025-12-07,1442123.41
PRD00039,WH006,Kolkata,332,103,124,2025-12-18,627503.24
PRD00040,WH003,Delhi,320,23,128,2025-12-13,368396.8
PRD00040,WH008,Dubai,869,29,280,2025-12-06,1000427.56
PRD00040,WH005,Chennai,702,84,204,2025-12-24,808170.48
PRD00040,WH004,Hyderabad,175,104,258,2025-12-10,201467.0
PRD00041,WH003,Delhi,699,75,155,2025-12-18,1443903.33
PRD00041,WH002,Mumbai,247,28,135,2025-12-15,510220.49
PRD00041,WH005,Chennai,340,53,106,2025-12-29,702327.8
PRD00042,WH001,Bangalore,620,94,130,2025-12-12,1047787.6
PRD00042,WH002,Mumbai,108,103,293,2025-12-18,182517.84
PRD00043,WH005,Chennai,423,48,120,2025-12-08,12192492.78
PRD00043,WH004,Hyderabad,133,72,242,2025-12-27,3833573.38
PRD00043,WH001,Bangalore,587,67,59,2025-12-16,16919605.82
PRD00043,WH002,Mumbai,834,34,262,2025-12-19,24039099.24
PRD00044,WH003,Delhi,448,72,215,2025-12-25,26667818.24
PRD00044,WH006,Kolkata,159,94,95,2025-12-24,9464694.42
PRD00044,WH004,Hyderabad,888,106,200,2025-12-02,52859425.44
PRD00044,WH001,Bangalore,620,91,146,2025-12-22,36906355.6
PRD00045,WH004,Hyderabad,355,41,88,2025-12-01,202641.1
PRD00045,WH005,Chennai,221,68,256,2025-12-27,126151.22
PRD00045,WH003,Delhi,289,68,168,2025-12-08,164966.98
PRD00045,WH007,Bhubaneswar,529,90,231,2025-12-14,301963.78
PRD00046,WH004,Hyderabad,84,54,136,2025-12-16,864730.44
PRD00046,WH001,Bangalore,48,29,193,2025-12-18,494131.68
PRD00046,WH003,Delhi,103,66,189,2025-12-21,1060324.23
PRD00047,WH007,Bhubaneswar,114,44,139,2025-12-25,270935.82
PRD00047,WH006,Kolkata,247,44,54,2025-12-30,587027.61
PRD00047,WH003,Delhi,513,29,225,2025-12-30,1219211.19
PRD00048,WH003,Delhi,149,120,213,2025-12-16,13438098.42
PRD00048,WH005,Chennai,80,69,91,2025-12-08,7215086.4
PRD00048,WH007,Bhubaneswar,616,98,198,2025-12-15,55556165.28
PRD00049,WH007,Bhubaneswar,463,107,80,2025-12-15,793887.58
PRD00049,WH006,Kolkata,554,84,75,2025-12-21,949921.64
PRD00050,WH001,Bangalore,360,24,210,2025-12-13,12059348.4
PRD00050,WH006,Kolkata,426,20,152,2025-12-23,14270228.94
PRD00050,WH005,Chennai,893,76,263,2025-12-03,29913883.67
PRD00050,WH003,Delhi,185,55,279,2025-12-28,6197165.15
PRD00051,WH002,Mumbai,244,76,142,2025-12-22,404508.08
PRD00051,WH005,Chennai,704,27,128,2025-12-24,1167105.28
PRD00051,WH008,Dubai,828,62,240,2025-12-14,1372674.96
PRD00051,WH003,Delhi,78,117,155,2025-12-02,129309.96
PRD00052,WH001,Bangalore,707,70,176,2025-12-12,42866604.83
PRD00052,WH006,Kolkata,887,29,200,2025-12-23,53780309.03
PRD00052,WH004,Hyderabad,529,66,287,2025-12-04,32074164.01
PRD00053,WH004,Hyderabad,463,82,204,2025-12-05,309182.14
PRD00053,WH008,Dubai,803,83,160,2025-12-23,536227.34
PRD00053,WH003,Delhi,567,42,213,2025-12-29,378631.26
PRD00053,WH006,Kolkata,684,23,178,2025-12-19,456761.52
PRD00054,WH004,Hyderabad,202,46,100,2025-12-11,1505152.5
PRD00054,WH007,Bhubaneswar,525,81,182,2025-12-21,3911906.25
PRD00054,WH003,Delhi,83,108,60,2025-12-20,618453.75
PRD00055,WH007,Bhubaneswar,823,88,95,2025-12-28,1194148.31
PRD00055,WH001,Bangalore,137,70,245,2025-12-21,198782.89
PRD00056,WH006,Kolkata,53,34,132,2025-12-05,193681.08
PRD00056,WH004,Hyderabad,281,64,75,2025-12-06,1026875.16
PRD00056,WH003,Delhi,391,111,148,2025-12-18,1428854.76
PRD00056,WH008,Dubai,161,84,84,2025-12-02,588351.96
PRD00057,WH007,Bhubaneswar,523,79,195,2025-12-10,35335412.39
PRD00057,WH005,Chennai,880,86,170,2025-12-03,59455378.4
PRD00058,WH001,Bangalore,867,33,166,2025-12-08,1090790.04
PRD00058,WH005,Chennai,886,111,215,2025-12-14,1114694.32
PRD00058,WH002,Mumbai,236,55,194,2025-12-12,296916.32
PRD00059,WH002,Mumbai,231,96,184,2025-12-22,405236.37
PRD00059,WH005,Chennai,578,102,103,2025-12-21,1013968.06
PRD00059,WH006,Kolkata,163,61,155,2025-12-26,285946.01
PRD00060,WH006,Kolkata,525,92,231,2025-12-10,1101014.25
PRD00060,WH001,Bangalore,322,85,235,2025-12-06,675288.74
PRD00061,WH006,Kolkata,332,60,77,2025-12-05,250925.6
PRD00061,WH004,Hyderabad,276,52,279,2025-12-16,208600.8
PRD00061,WH007,Bhubaneswar,876,66,211,2025-12-12,662080.8
PRD00062,WH006,Kolkata,142,56,54,2025-12-30,70627.96
PRD00062,WH001,Bangalore,731,75,129,2025-12-05,363584.78
PRD00063,WH002,Mumbai,555,63,62,2025-12-15,6634048.2
PRD00063,WH005,Chennai,5,38,265,2025-12-22,59766.2
PRD00063,WH007,Bhubaneswar,870,78,239,2025-12-21,10399318.8
PRD00063,WH004,Hyderabad,551,78,292,2025-12-05,6586235.24
PRD00064,WH003,Delhi,46,103,155,2025-12-28,107708.08
PRD00064,WH008,Dubai,575,33,223,2025-12-03,1346351.0
PRD00064,WH006,Kolkata,416,50,222,2025-12-04,974055.68
PRD00065,WH004,Hyderabad,810,98,76,2025-12-31,2892817.8
PRD00065,WH001,Bangalore,752,42,85,2025-12-20,2685677.76
PRD00065,WH002,Mumbai,820,60,295,2025-12-22,2928531.6
PRD00065,WH005,Chennai,430,86,126,2025-12-01,1535693.4
PRD00066,WH006,Kolkata,646,119,58,2025-12-25,1700963.22
PRD00066,WH004,Hyderabad,203,65,128,2025-12-25,534513.21
PRD00067,WH003,Delhi,754,65,70,2025-12-27,626649.4
PRD00067,WH005,Chennai,788,111,276,2025-12-30,654906.8
PRD00067,WH004,Hyderabad,419,93,236,2025-12-29,348230.9
PRD00067,WH007,Bhubaneswar,733,76,232,2025-12-28,609196.3
PRD00068,WH003,Delhi,191,83,216,2025-12-07,21581.09
PRD00068,WH005,Chennai,424,119,298,2025-12-20,47907.76
PRD00068,WH002,Mumbai,114,53,90,2025-12-19,12880.86
PRD00069,WH007,Bhubaneswar,483,103,132,2025-12-17,291611.25
PRD00069,WH008,Dubai,457,38,184,2025-12-08,275913.75
PRD00069,WH005,Chennai,746,109,162,2025-12-25,450397.5
PRD00070,WH007,Bhubaneswar,885,86,195,2025-12-16,1399512.45
PRD00070,WH001,Bangalore,316,115,269,2025-12-28,499712.92
PRD00070,WH003,Delhi,707,44,201,2025-12-30,1118028.59
PRD00070,WH002,Mumbai,433,91,252,2025-12-18,684733.21
PRD00070,WH005,Chennai,13,60,274,2025-12-21,20557.81
PRD00071,WH003,Delhi,893,105,80,2025-12-16,31169075.54
PRD00071,WH005,Chennai,231,112,116,2025-12-10,8062773.18
PRD00071,WH008,Dubai,722,88,173,2025-12-09,25200529.16
PRD00072,WH006,Kolkata,233,32,181,2025-12-24,95019.73
PRD00072,WH008,Dubai,52,23,245,2025-12-24,21206.12
PRD00072,WH005,Chennai,571,37,282,2025-12-05,232859.51
PRD00072,WH002,Mumbai,675,24,162,2025-12-18,275271.75
PRD00072,WH003,Delhi,15,53,51,2025-12-20,6117.15
PRD00073,WH008,Dubai,500,23,149,2025-12-09,1560250.0
PRD00073,WH006,Kolkata,2,24,138,2025-12-28,6241.0
PRD00073,WH005,Chennai,742,52,286,2025-12-15,2315411.0
PRD00074,WH003,Delhi,366,85,112,2025-12-04,195465.96
PRD00074,WH004,Hyderabad,475,72,54,2025-12-17,253678.5
PRD00074,WH006,Kolkata,161,45,275,2025-12-25,85983.66
PRD00074,WH005,Chennai,701,21,141,2025-12-28,374376.06
PRD00075,WH003,Delhi,523,50,107,2025-12-08,48017377.89
PRD00075,WH006,Kolkata,307,79,148,2025-12-09,28186109.01
PRD00075,WH007,Bhubaneswar,824,54,245,2025-12-25,75652618.32
PRD00075,WH004,Hyderabad,398,23,296,2025-12-26,36540949.14
PRD00075,WH008,Dubai,119,73,296,2025-12-23,10925560.17
PRD00076,WH001,Bangalore,290,37,241,2025-12-31,231280.8
PRD00076,WH004,Hyderabad,352,110,119,2025-12-28,280727.04
PRD00077,WH005,Chennai,20,54,263,2025-12-09,1156466.0
PRD00077,WH004,Hyderabad,517,71,247,2025-12-15,29894646.1
PRD00078,WH005,Chennai,234,120,64,2025-12-23,2138544.72
PRD00078,WH002,Mumbai,706,69,95,2025-12-14,6452190.48
PRD00079,WH006,Kolkata,855,46,123,2025-12-03,278952.3
PRD00079,WH001,Bangalore,737,51,70,2025-12-04,240453.62
PRD00079,WH005,Chennai,257,26,157,2025-12-12,83848.82
PRD00080,WH006,Kolkata,37,58,140,2025-12-19,2086358.96
PRD00080,WH003,Delhi,366,102,102,2025-12-25,20638037.28
PRD00080,WH005,Chennai,291,48,193,2025-12-13,16408931.28
PRD00080,WH008,Dubai,38,33,73,2025-12-19,2142747.04
PRD00080,WH007,Bhubaneswar,789,41,184,2025-12-06,44490195.12
PRD00081,WH007,Bhubaneswar,538,31,160,2025-12-17,937814.7
PRD00081,WH005,Chennai,828,30,199,2025-12-10,1443328.2
PRD00081,WH006,Kolkata,39,26,257,2025-12-22,67982.85
PRD00081,WH001,Bangalore,228,56,207,2025-12-10,397438.2
PRD00081,WH004,Hyderabad,46,61,178,2025-12-31,80184.9
PRD00082,WH008,Dubai,237,112,164,2025-12-22,487980.63
PRD00082,WH004,Hyderabad,652,44,232,2025-12-23,1342461.48
PRD00083,WH005,Chennai,232,31,159,2025-12-27,4545745.36
PRD00083,WH003,Delhi,661,88,125,2025-12-17,12951455.53
PRD00083,WH008,Dubai,19,54,147,2025-12-08,372280.87
PRD00083,WH006,Kolkata,540,83,266,2025-12-02,10580614.2
PRD00084,WH003,Delhi,208,81,67,2025-12-21,621052.64
PRD00084,WH002,Mumbai,439,60,268,2025-12-08,1310779.37
PRD00085,WH001,Bangalore,687,103,106,2025-12-10,39451071.18
PRD00085,WH002,Mumbai,375,81,73,2025-12-24,21534427.5
PRD00085,WH004,Hyderabad,880,38,53,2025-12-30,50534123.2
PRD00086,WH007,Bhubaneswar,181,108,157,2025-12-30,38875.18
PRD00086,WH008,Dubai,373,102,207,2025-12-30,80112.94
PRD00087,WH006,Kolkata,573,115,76,2025-12-09,1050664.26
PRD00087,WH001,Bangalore,792,76,155,2025-12-14,1452227.04
PRD00087,WH005,Chennai,794,53,283,2025-12-15,1455894.28
PRD00087,WH007,Bhubaneswar,519,64,273,2025-12-14,951648.78
PRD00087,WH003,Delhi,770,116,118,2025-12-23,1411887.4
PRD00088,WH003,Delhi,454,24,215,2025-12-05,2118109.76
PRD00088,WH007,Bhubaneswar,638,23,123,2025-12-06,2976550.72
PRD00088,WH004,Hyderabad,335,118,155,2025-12-12,1562922.4
PRD00088,WH008,Dubai,757,74,269,2025-12-13,3531738.08
PRD00088,WH002,Mumbai,60,48,59,2025-12-06,279926.4
PRD00089,WH005,Chennai,189,46,251,2025-12-13,523012.14
PRD00089,WH003,Delhi,122,74,219,2025-12-06,337605.72
PRD00089,WH007,Bhubaneswar,260,67,148,2025-12-30,719487.6
PRD00090,WH006,Kolkata,311,95,79,2025-12-20,94422.71
PRD00090,WH003,Delhi,763,117,256,2025-12-11,231654.43
PRD00090,WH001,Bangalore,254,20,293,2025-12-01,77116.94
PRD00090,WH007,Bhubaneswar,764,34,173,2025-12-31,231958.04
PRD00090,WH004,Hyderabad,606,104,130,2025-12-17,183987.66
PRD00091,WH001,Bangalore,785,93,114,2025-12-23,7105144.9
PRD00091,WH005,Chennai,504,115,70,2025-12-07,4561774.56
PRD00092,WH004,Hyderabad,226,106,300,2025-12-29,5476658.0
PRD00092,WH002,Mumbai,637,111,241,2025-12-20,15436421.0
PRD00093,WH004,Hyderabad,239,31,134,2025-12-13,362842.63
PRD00093,WH007,Bhubaneswar,728,96,116,2025-12-12,1105227.76
PRD00093,WH008,Dubai,152,22,197,2025-12-11,230761.84
PRD00093,WH003,Delhi,403,24,183,2025-12-07,611822.51
PRD00093,WH005,Chennai,43,61,220,2025-12-02,65281.31
PRD00094,WH005,Chennai,873,115,109,2025-12-01,3341721.78
PRD00094,WH002,Mumbai,490,116,138,2025-12-27,1875651.4
PRD00095,WH002,Mumbai,138,26,232,2025-12-08,163757.7
PRD00095,WH004,Hyderabad,8,68,261,2025-12-19,9493.2
PRD00095,WH001,Bangalore,165,84,62,2025-12-05,195797.25
PRD00096,WH005,Chennai,533,71,177,2025-12-17,2225983.89
PRD00096,WH008,Dubai,387,72,74,2025-12-05,1616239.71
PRD00097,WH001,Bangalore,806,111,293,2025-12-29,27710280.0
PRD00097,WH008,Dubai,765,99,132,2025-12-14,26300700.0
PRD00097,WH006,Kolkata,222,29,130,2025-12-02,7632360.0
PRD00097,WH002,Mumbai,750,70,224,2025-12-31,25785000.0
PRD00097,WH003,Delhi,397,30,52,2025-12-15,13648860.0
PRD00098,WH004,Hyderabad,797,110,110,2025-12-08,5533188.44
PRD00098,WH007,Bhubaneswar,618,40,236,2025-12-26,4290477.36
PRD00098,WH008,Dubai,438,26,70,2025-12-21,3040823.76
PRD00098,WH002,Mumbai,734,42,221,2025-12-03,5095809.68
PRD00098,WH006,Kolkata,696,77,300,2025-12-12,4831993.92
PRD00099,WH006,Kolkata,595,50,249,2025-12-28,26605270.3
PRD00099,WH001,Bangalore,419,120,225,2025-12-20,18735476.06
PRD00099,WH005,Chennai,582,117,95,2025-12-18,26023978.68
PRD00100,WH007,Bhubaneswar,80,92,85,2025-12-03,98442.4
PRD00100,WH003,Delhi,894,105,144,2025-12-17,1100093.82
PRD00100,WH005,Chennai,899,86,88,2025-12-13,1106246.47
PRD00100,WH006,Kolkata,706,79,284,2025-12-29,868754.18
PRD00100,WH004,Hyderabad,580,67,189,2025-12-23,713707.4
PRD00101,WH006,Kolkata,181,49,155,2025-12-09,203918.22
PRD00101,WH007,Bhubaneswar,582,22,111,2025-12-17,655692.84
PRD00102,WH001,Bangalore,429,46,156,2025-12-15,2000538.54
PRD00102,WH002,Mumbai,39,73,141,2025-12-14,181867.14
PRD00102,WH008,Dubai,471,39,230,2025-12-30,2196395.46
PRD00103,WH008,Dubai,246,106,146,2025-12-15,781502.64
PRD00103,WH004,Hyderabad,550,57,242,2025-12-07,1747262.0
PRD00103,WH005,Chennai,662,93,273,2025-12-30,2103068.08
PRD00103,WH002,Mumbai,657,113,220,2025-12-20,2087183.88
PRD00103,WH007,Bhubaneswar,581,111,300,2025-12-20,1845744.04
PRD00104,WH007,Bhubaneswar,342,59,284,2025-12-15,87175.8
PRD00104,WH002,Mumbai,608,108,134,2025-12-14,154979.2
PRD00104,WH003,Delhi,248,76,260,2025-12-24,63215.2
PRD00105,WH001,Bangalore,742,116,248,2025-12-17,67597149.76
PRD00105,WH004,Hyderabad,159,48,262,2025-12-13,14485103.52
PRD00105,WH006,Kolkata,44,88,72,2025-12-14,4008456.32
PRD00106,WH001,Bangalore,519,74,58,2025-12-13,2063658.18
PRD00106,WH004,Hyderabad,509,106,195,2025-12-24,2023895.98
PRD00106,WH008,Dubai,372,99,57,2025-12-25,1479153.84
PRD00106,WH003,Delhi,122,25,138,2025-12-14,485098.84
PRD00107,WH008,Dubai,369,53,263,2025-12-11,1566515.7
PRD00107,WH002,Mumbai,213,89,97,2025-12-20,904248.9
PRD00107,WH005,Chennai,447,44,195,2025-12-08,1897649.1
PRD00108,WH007,Bhubaneswar,379,23,292,2025-12-18,1712299.26
PRD00108,WH008,Dubai,263,56,138,2025-12-13,1188218.22
PRD00108,WH003,Delhi,145,62,196,2025-12-24,655101.3
PRD00109,WH001,Bangalore,564,39,211,2025-12-27,199069.44
PRD00109,WH007,Bhubaneswar,382,41,232,2025-12-28,134830.72
PRD00109,WH002,Mumbai,183,30,170,2025-12-28,64591.68
PRD00109,WH004,Hyderabad,757,37,51,2025-12-20,267190.72
PRD00109,WH005,Chennai,189,85,224,2025-12-15,66709.44
PRD00110,WH001,Bangalore,535,91,172,2025-12-28,2557219.75
PRD00110,WH007,Bhubaneswar,697,25,114,2025-12-20,3331555.45
PRD00111,WH006,Kolkata,811,63,128,2025-12-25,1543284.34
PRD00111,WH004,Hyderabad,244,30,146,2025-12-29,464317.36
PRD00112,WH004,Hyderabad,5,66,50,2025-12-01,82485.0
PRD00112,WH002,Mumbai,685,112,114,2025-12-24,11300445.0
PRD00112,WH001,Bangalore,349,61,99,2025-12-06,5757453.0
PRD00112,WH007,Bhubaneswar,40,110,261,2025-12-27,659880.0
PRD00112,WH008,Dubai,550,96,123,2025-12-18,9073350.0
PRD00113,WH008,Dubai,757,70,227,2025-12-08,2075974.09
PRD00113,WH006,Kolkata,359,119,93,2025-12-04,984510.83
PRD00113,WH007,Bhubaneswar,830,106,168,2025-12-29,2276167.1
PRD00113,WH004,Hyderabad,85,85,139,2025-12-16,233101.45
PRD00114,WH005,Chennai,199,67,295,2025-12-15,6914268.93
PRD00114,WH003,Delhi,79,34,171,2025-12-05,2744860.53
PRD00115,WH006,Kolkata,575,114,227,2025-12-30,24149557.25
PRD00115,WH003,Delhi,741,79,256,2025-12-17,31121429.43
PRD00115,WH005,Chennai,631,111,235,2025-12-31,26501514.13
PRD00115,WH008,Dubai,895,27,177,2025-12-08,37589310.85
PRD00115,WH007,Bhubaneswar,235,59,53,2025-12-24,9869819.05
PRD00116,WH002,Mumbai,891,114,130,2025-12-18,959214.96
PRD00116,WH004,Hyderabad,609,42,71,2025-12-30,655625.04
PRD00116,WH005,Chennai,395,41,245,2025-12-25,425241.2
PRD00117,WH005,Chennai,502,42,173,2025-12-12,207331.02
PRD00117,WH002,Mumbai,406,64,107,2025-12-07,167682.06
PRD00117,WH001,Bangalore,713,48,206,2025-12-18,294476.13
PRD00118,WH008,Dubai,218,118,238,2025-12-10,2091454.94
PRD00118,WH001,Bangalore,778,91,289,2025-12-17,7463999.74
PRD00118,WH004,Hyderabad,250,101,139,2025-12-17,2398457.5
PRD00118,WH007,Bhubaneswar,281,50,71,2025-12-25,2695866.23
PRD00119,WH006,Kolkata,158,50,108,2025-12-25,31032.78
PRD00119,WH003,Delhi,7,34,148,2025-12-08,1374.87
PRD00119,WH008,Dubai,490,88,96,2025-12-18,96240.9
PRD00120,WH006,Kolkata,277,66,78,2025-12-31,286129.92
PRD00120,WH001,Bangalore,525,73,300,2025-12-05,542304.0
PRD00120,WH003,Delhi,436,49,116,2025-12-30,450370.56
PRD00121,WH006,Kolkata,24,63,55,2025-12-15,118063.92
PRD00121,WH004,Hyderabad,53,60,115,2025-12-14,260724.49
PRD00121,WH007,Bhubaneswar,19,57,85,2025-12-04,93467.27
PRD00121,WH005,Chennai,23,119,110,2025-12-13,113144.59
PRD00121,WH002,Mumbai,289,44,141,2025-12-20,1421686.37
PRD00122,WH003,Delhi,645,111,73,2025-12-06,6094256.7
PRD00122,WH006,Kolkata,613,51,53,2025-12-27,5791905.98
PRD00123,WH005,Chennai,868,98,50,2025-12-26,5446856.24
PRD00123,WH002,Mumbai,271,37,219,2025-12-22,1700573.78
PRD00123,WH006,Kolkata,268,66,107,2025-12-18,1681748.24
PRD00123,WH008,Dubai,637,35,107,2025-12-07,3997289.66
PRD00124,WH007,Bhubaneswar,489,69,131,2025-12-04,2005374.33
PRD00124,WH001,Bangalore,838,48,240,2025-12-17,3436612.86
PRD00124,WH005,Chennai,303,23,122,2025-12-16,1242593.91
PRD00124,WH002,Mumbai,461,102,224,2025-12-20,1890547.17
PRD00125,WH006,Kolkata,253,95,76,2025-12-06,1107790.86
PRD00125,WH004,Hyderabad,701,82,257,2025-12-09,3069412.62
PRD00125,WH007,Bhubaneswar,491,41,284,2025-12-02,2149902.42
PRD00125,WH002,Mumbai,646,104,62,2025-12-12,2828588.52
PRD00125,WH005,Chennai,617,113,172,2025-12-24,2701608.54
PRD00126,WH001,Bangalore,494,32,267,2025-12-06,17181660.86
PRD00126,WH006,Kolkata,780,104,156,2025-12-21,27128938.2
PRD00126,WH008,Dubai,102,37,231,2025-12-21,3547630.38
PRD00126,WH005,Chennai,112,116,75,2025-12-16,3895437.28
PRD00127,WH005,Chennai,302,74,50,2025-12-21,625734.94
PRD00127,WH001,Bangalore,856,77,247,2025-12-31,1773606.32
PRD00127,WH004,Hyderabad,874,65,269,2025-12-28,1810901.78
PRD00127,WH002,Mumbai,23,88,160,2025-12-08,47655.31
PRD00127,WH006,Kolkata,416,96,74,2025-12-26,861939.52
PRD00128,WH008,Dubai,452,91,265,2025-12-16,906788.84
PRD00128,WH004,Hyderabad,164,66,137,2025-12-11,329011.88
PRD00128,WH002,Mumbai,566,92,137,2025-12-30,1135492.22
PRD00128,WH003,Delhi,505,60,253,2025-12-03,1013115.85
PRD00129,WH001,Bangalore,607,50,57,2025-12-15,479766.73
PRD00129,WH007,Bhubaneswar,492,108,172,2025-12-01,388871.88
PRD00129,WH005,Chennai,299,81,63,2025-12-09,236326.61
PRD00129,WH002,Mumbai,7,41,161,2025-12-21,5532.73
PRD00129,WH004,Hyderabad,555,109,162,2025-12-11,438666.45
PRD00130,WH004,Hyderabad,430,41,298,2025-12-19,1376374.1
PRD00130,WH005,Chennai,101,109,129,2025-12-23,323287.87
PRD00130,WH001,Bangalore,897,50,157,2025-12-27,2871180.39
PRD00130,WH006,Kolkata,311,100,122,2025-12-05,995470.57
PRD00130,WH002,Mumbai,808,81,109,2025-12-23,2586302.96
PRD00131,WH002,Mumbai,677,94,140,2025-12-27,698961.88
PRD00131,WH004,Hyderabad,372,68,189,2025-12-25,384067.68
PRD00131,WH007,Bhubaneswar,581,113,243,2025-12-11,599847.64
PRD00132,WH007,Bhubaneswar,86,113,90,2025-12-02,200014.5
PRD00132,WH008,Dubai,253,59,99,2025-12-10,588414.75
PRD00133,WH007,Bhubaneswar,419,103,90,2025-12-16,1392835.61
PRD00133,WH008,Dubai,168,45,95,2025-12-21,558463.92
PRD00133,WH003,Delhi,882,95,202,2025-12-23,2931935.58
PRD00134,WH004,Hyderabad,259,32,164,2025-12-23,1109167.5
PRD00134,WH005,Chennai,109,118,136,2025-12-12,466792.5
PRD00135,WH002,Mumbai,695,91,222,2025-12-31,4535229.45
PRD00135,WH005,Chennai,283,101,85,2025-12-20,1846719.33
PRD00136,WH004,Hyderabad,554,41,69,2025-12-15,674295.56
PRD00136,WH007,Bhubaneswar,479,74,112,2025-12-18,583010.06
PRD00136,WH001,Bangalore,329,91,145,2025-12-23,400439.06
PRD00137,WH003,Delhi,187,26,163,2025-12-14,652289.66
PRD00137,WH002,Mumbai,98,78,178,2025-12-31,341841.64
PRD00137,WH007,Bhubaneswar,386,76,236,2025-12-18,1346437.48
PRD00137,WH004,Hyderabad,474,102,208,2025-12-21,1653397.32
PRD00137,WH005,Chennai,90,89,288,2025-12-31,313936.2
PRD00138,WH008,Dubai,136,67,245,2025-12-16,678504.0
PRD00138,WH007,Bhubaneswar,168,55,119,2025-12-15,838152.0
PRD00139,WH008,Dubai,362,35,110,2025-12-03,3296328.56
PRD00139,WH003,Delhi,22,83,294,2025-12-02,200329.36
PRD00140,WH008,Dubai,461,28,246,2025-12-11,811880.93
PRD00140,WH005,Chennai,230,58,212,2025-12-27,405059.9
PRD00140,WH007,Bhubaneswar,752,118,95,2025-12-07,1324369.76
PRD00140,WH003,Delhi,161,60,154,2025-12-12,283541.93
PRD00141,WH002,Mumbai,60,104,259,2025-12-16,262372.2
PRD00141,WH003,Delhi,556,42,178,2025-12-20,2431315.72
PRD00141,WH001,Bangalore,886,115,256,2025-12-26,3874362.82
PRD00142,WH008,Dubai,790,89,260,2025-12-25,5410623.1
PRD00142,WH004,Hyderabad,173,47,246,2025-12-07,1184857.97
PRD00142,WH007,Bhubaneswar,753,30,121,2025-12-17,5157214.17
PRD00142,WH006,Kolkata,554,20,153,2025-12-08,3794285.06
PRD00142,WH002,Mumbai,361,73,264,2025-12-19,2472449.29
PRD00143,WH005,Chennai,354,85,103,2025-12-03,41121471.9
PRD00143,WH002,Mumbai,79,64,138,2025-12-10,9176825.65
PRD00143,WH003,Delhi,354,47,195,2025-12-11,41121471.9
PRD00143,WH007,Bhubaneswar,566,92,179,2025-12-14,65747890.1
PRD00144,WH008,Dubai,543,23,267,2025-12-11,657811.92
PRD00144,WH004,Hyderabad,639,69,169,2025-12-31,774110.16
PRD00145,WH005,Chennai,892,117,94,2025-12-08,4325932.4
PRD00145,WH003,Delhi,333,22,172,2025-12-06,1614950.1
PRD00145,WH008,Dubai,412,50,254,2025-12-12,1998076.4
PRD00145,WH002,Mumbai,533,40,300,2025-12-16,2584890.1
PRD00145,WH006,Kolkata,613,37,278,2025-12-28,2972866.1
PRD00146,WH006,Kolkata,393,84,54,2025-12-15,438639.09
PRD00146,WH008,Dubai,62,102,99,2025-12-18,69200.06
PRD00147,WH002,Mumbai,490,113,128,2025-12-12,811734.0
PRD00147,WH001,Bangalore,513,88,183,2025-12-14,849835.8
PRD00147,WH005,Chennai,641,32,247,2025-12-30,1061880.6
PRD00147,WH006,Kolkata,648,115,165,2025-12-06,1073476.8
PRD00148,WH004,Hyderabad,656,108,154,2025-12-05,5407972.16
PRD00148,WH003,Delhi,783,34,201,2025-12-31,6454942.38
PRD00148,WH007,Bhubaneswar,694,42,160,2025-12-05,5721238.84
PRD00149,WH004,Hyderabad,843,119,69,2025-12-01,681734.1
PRD00149,WH001,Bangalore,572,99,64,2025-12-23,462576.4
PRD00149,WH005,Chennai,226,32,193,2025-12-28,182766.2
PRD00150,WH006,Kolkata,561,31,54,2025-12-29,2683969.86
PRD00150,WH005,Chennai,134,27,251,2025-12-02,641090.84
PRD00150,WH001,Bangalore,9,88,279,2025-12-12,43058.34
PRD00151,WH005,Chennai,370,102,111,2025-12-25,80534.2
PRD00151,WH001,Bangalore,574,55,191,2025-12-06,124936.84
PRD00152,WH003,Delhi,549,118,137,2025-12-20,718509.24
PRD00152,WH002,Mumbai,266,96,157,2025-12-24,348130.16
PRD00152,WH008,Dubai,437,119,58,2025-12-05,571928.12
PRD00152,WH005,Chennai,802,110,145,2025-12-28,1049625.52
PRD00153,WH007,Bhubaneswar,366,94,190,2025-12-19,1655154.48
PRD00153,WH003,Delhi,798,94,61,2025-12-14,3608779.44
PRD00153,WH002,Mumbai,138,92,265,2025-12-28,624074.64
PRD00153,WH004,Hyderabad,289,21,231,2025-12-03,1306938.92
PRD00154,WH004,Hyderabad,283,26,168,2025-12-10,2109507.47
PRD00154,WH003,Delhi,316,112,203,2025-12-19,2355492.44
PRD00154,WH005,Chennai,29,70,124,2025-12-09,216168.61
PRD00154,WH008,Dubai,216,100,270,2025-12-29,1610083.44
PRD00155,WH007,Bhubaneswar,867,23,140,2025-12-20,45971426.52
PRD00155,WH004,Hyderabad,419,39,50,2025-12-30,22216871.64
PRD00156,WH005,Chennai,326,87,164,2025-12-21,667524.12
PRD00156,WH003,Delhi,224,109,281,2025-12-01,458666.88
PRD00157,WH008,Dubai,442,78,75,2025-12-04,4122423.5
PRD00157,WH006,Kolkata,604,51,80,2025-12-15,5633357.0
PRD00157,WH004,Hyderabad,506,100,235,2025-12-02,4719335.5
PRD00158,WH005,Chennai,330,70,130,2025-12-04,2431519.2
PRD00158,WH006,Kolkata,212,102,263,2025-12-09,1562066.88
PRD00158,WH007,Bhubaneswar,312,57,254,2025-12-12,2298890.88
PRD00158,WH004,Hyderabad,51,36,77,2025-12-14,375780.24
PRD00158,WH001,Bangalore,552,34,106,2025-12-09,4067268.48
PRD00159,WH001,Bangalore,255,97,185,2025-12-29,588440.55
PRD00159,WH006,Kolkata,622,40,108,2025-12-29,1435333.42
PRD00159,WH003,Delhi,156,52,224,2025-12-19,359987.16
PRD00160,WH001,Bangalore,293,30,127,2025-12-29,150812.96
PRD00160,WH004,Hyderabad,842,109,250,2025-12-27,433394.24
PRD00160,WH006,Kolkata,530,38,152,2025-12-03,272801.6
PRD00160,WH003,Delhi,665,63,260,2025-12-21,342288.8
PRD00161,WH008,Dubai,565,25,93,2025-12-18,141984.5
PRD00161,WH003,Delhi,327,52,275,2025-12-24,82175.1
PRD00161,WH005,Chennai,555,53,105,2025-12-02,139471.5
PRD00161,WH006,Kolkata,643,74,60,2025-12-06,161585.9
PRD00162,WH004,Hyderabad,102,67,270,2025-12-21,221493.0
PRD00162,WH007,Bhubaneswar,456,59,135,2025-12-06,990204.0
PRD00162,WH001,Bangalore,721,37,99,2025-12-06,1565651.5
PRD00162,WH006,Kolkata,844,107,200,2025-12-18,1832746.0
PRD00163,WH001,Bangalore,702,88,178,2025-12-08,1092950.82
PRD00163,WH008,Dubai,500,34,84,2025-12-23,778455.0
PRD00163,WH003,Delhi,311,52,119,2025-12-16,484199.01
PRD00164,WH005,Chennai,231,38,120,2025-12-04,1996008.63
PRD00164,WH003,Delhi,24,99,87,2025-12-26,207377.52
PRD00164,WH004,Hyderabad,843,70,86,2025-12-29,7284135.39
PRD00165,WH004,Hyderabad,235,73,202,2025-12-14,206828.2
PRD00165,WH007,Bhubaneswar,166,88,228,2025-12-10,146099.92
PRD00165,WH001,Bangalore,425,82,114,2025-12-23,374051.0
PRD00165,WH006,Kolkata,194,32,91,2025-12-31,170743.28
PRD00166,WH006,Kolkata,148,35,112,2025-12-18,216667.56
PRD00166,WH003,Delhi,620,72,183,2025-12-05,907661.4
PRD00166,WH002,Mumbai,744,62,221,2025-12-26,1089193.68
PRD00166,WH004,Hyderabad,52,86,289,2025-12-18,76126.44
PRD00166,WH001,Bangalore,61,66,214,2025-12-23,89302.17
PRD00167,WH008,Dubai,314,32,50,2025-12-18,476661.42
PRD00167,WH005,Chennai,794,47,200,2025-12-03,1205315.82
PRD00167,WH001,Bangalore,538,25,94,2025-12-01,816700.14
PRD00167,WH006,Kolkata,271,55,142,2025-12-30,411386.13
PRD00168,WH004,Hyderabad,476,103,266,2025-12-09,460944.12
PRD00168,WH002,Mumbai,352,99,285,2025-12-17,340866.24
PRD00168,WH007,Bhubaneswar,563,65,137,2025-12-26,545192.31
PRD00168,WH003,Delhi,152,68,203,2025-12-17,147192.24
PRD00168,WH005,Chennai,146,72,74,2025-12-16,141382.02
PRD00169,WH007,Bhubaneswar,460,64,146,2025-12-25,253690.0
PRD00169,WH002,Mumbai,692,115,277,2025-12-13,381638.0
PRD00169,WH004,Hyderabad,392,54,234,2025-12-10,216188.0
PRD00170,WH001,Bangalore,20,100,231,2025-12-11,39722.2
PRD00170,WH003,Delhi,288,40,250,2025-12-08,571999.68
PRD00170,WH008,Dubai,368,26,208,2025-12-04,730888.48
PRD00171,WH008,Dubai,36,21,211,2025-12-05,15907.68
PRD00171,WH002,Mumbai,444,115,95,2025-12-21,196194.72
PRD00172,WH002,Mumbai,295,98,260,2025-12-15,327753.85
PRD00172,WH004,Hyderabad,794,71,261,2025-12-25,882157.82
PRD00172,WH003,Delhi,477,57,105,2025-12-06,529961.31
PRD00173,WH005,Chennai,752,78,150,2025-12-14,2462378.88
PRD00173,WH002,Mumbai,327,103,227,2025-12-06,1070741.88
PRD00173,WH007,Bhubaneswar,143,53,116,2025-12-28,468244.92
PRD00174,WH004,Hyderabad,195,29,113,2025-12-08,707885.1
PRD00174,WH008,Dubai,521,73,54,2025-12-14,1891323.78
PRD00174,WH001,Bangalore,878,31,59,2025-12-09,3187298.04
PRD00175,WH003,Delhi,153,57,217,2025-12-02,368734.59
PRD00175,WH006,Kolkata,682,92,79,2025-12-27,1643640.46
PRD00176,WH007,Bhubaneswar,280,56,282,2025-12-11,265745.2
PRD00176,WH006,Kolkata,874,120,146,2025-12-16,829504.66
PRD00177,WH003,Delhi,5,118,104,2025-12-26,187738.6
PRD00177,WH008,Dubai,742,25,66,2025-12-22,27860408.24
PRD00178,WH005,Chennai,763,74,104,2025-12-04,559179.81
PRD00178,WH007,Bhubaneswar,177,89,117,2025-12-26,129717.99
PRD00178,WH006,Kolkata,124,54,247,2025-12-28,90875.88
PRD00178,WH003,Delhi,779,79,170,2025-12-27,570905.73
PRD00179,WH005,Chennai,47,107,162,2025-12-13,12603.52
PRD00179,WH008,Dubai,94,74,130,2025-12-14,25207.04
PRD00179,WH006,Kolkata,273,79,275,2025-12-12,73207.68
PRD00180,WH005,Chennai,482,106,259,2025-12-18,97310.98
PRD00180,WH007,Bhubaneswar,775,25,282,2025-12-04,156464.75
PRD00181,WH006,Kolkata,572,76,50,2025-12-14,3185067.6
PRD00181,WH003,Delhi,571,112,293,2025-12-21,3179499.3
PRD00181,WH004,Hyderabad,236,84,68,2025-12-19,1314118.8
PRD00182,WH002,Mumbai,422,66,160,2025-12-07,1024818.56
PRD00182,WH004,Hyderabad,300,29,59,2025-12-24,728544.0
PRD00182,WH005,Chennai,557,86,223,2025-12-06,1352663.36
PRD00182,WH006,Kolkata,590,43,291,2025-12-13,1432803.2
PRD00182,WH007,Bhubaneswar,621,36,171,2025-12-26,1508086.08
PRD00183,WH006,Kolkata,60,51,101,2025-12-25,48051.6
PRD00183,WH001,Bangalore,205,53,77,2025-12-06,164176.3
PRD00183,WH004,Hyderabad,137,82,141,2025-12-08,109717.82
PRD00183,WH005,Chennai,689,82,62,2025-12-14,551792.54
PRD00183,WH008,Dubai,562,92,182,2025-12-29,450083.32
PRD00184,WH006,Kolkata,887,77,225,2025-12-29,32239602.73
PRD00184,WH004,Hyderabad,24,22,127,2025-12-30,872322.96
PRD00184,WH002,Mumbai,618,108,207,2025-12-03,22462316.22
PRD00185,WH004,Hyderabad,748,26,254,2025-12-09,1497877.48
PRD00185,WH001,Bangalore,787,117,176,2025-12-01,1575975.37
PRD00185,WH008,Dubai,172,43,134,2025-12-11,344431.72
PRD00186,WH008,Dubai,618,62,246,2025-12-10,10487793.72
PRD00186,WH003,Delhi,178,34,288,2025-12-11,3020756.12
PRD00186,WH004,Hyderabad,207,25,82,2025-12-23,3512901.78
PRD00186,WH007,Bhubaneswar,643,90,216,2025-12-16,10912057.22
PRD00186,WH005,Chennai,403,97,66,2025-12-14,6839127.62
PRD00187,WH001,Bangalore,188,20,299,2025-12-06,7675246.64
PRD00187,WH005,Chennai,768,39,242,2025-12-29,31354199.04
PRD00188,WH004,Hyderabad,202,25,61,2025-12-04,187680.22
PRD00188,WH001,Bangalore,374,39,284,2025-12-30,347487.14
PRD00189,WH007,Bhubaneswar,741,75,233,2025-12-28,376924.47
PRD00189,WH002,Mumbai,588,110,130,2025-12-14,299097.96
PRD00189,WH001,Bangalore,278,63,300,2025-12-09,141410.26
PRD00189,WH006,Kolkata,398,40,166,2025-12-29,202450.66
PRD00190,WH007,Bhubaneswar,629,57,54,2025-12-03,251637.74
PRD00190,WH002,Mumbai,17,79,97,2025-12-19,6801.02
PRD00190,WH004,Hyderabad,639,109,119,2025-12-28,255638.34
PRD00191,WH001,Bangalore,244,56,156,2025-12-21,85443.92
PRD00191,WH004,Hyderabad,624,38,155,2025-12-01,218512.32
PRD00191,WH002,Mumbai,453,32,206,2025-12-25,158631.54
PRD00191,WH007,Bhubaneswar,108,101,249,2025-12-25,37819.44
PRD00192,WH006,Kolkata,144,62,106,2025-12-04,504436.32
PRD00192,WH001,Bangalore,737,99,53,2025-12-27,2581733.11
PRD00192,WH004,Hyderabad,447,91,189,2025-12-05,1565854.41
PRD00192,WH003,Delhi,641,45,159,2025-12-09,2245442.23
PRD00192,WH005,Chennai,88,95,298,2025-12-28,308266.64
PRD00193,WH001,Bangalore,466,76,189,2025-12-01,2418414.18
PRD00193,WH007,Bhubaneswar,669,96,120,2025-12-09,3471929.37
PRD00194,WH008,Dubai,453,84,131,2025-12-18,28750605.36
PRD00194,WH006,Kolkata,609,41,72,2025-12-01,38651476.08
PRD00194,WH007,Bhubaneswar,622,116,187,2025-12-08,39476548.64
PRD00194,WH003,Delhi,790,45,141,2025-12-14,50139024.8
PRD00195,WH002,Mumbai,282,31,155,2025-12-04,843656.58
PRD00195,WH008,Dubai,395,77,169,2025-12-27,1181717.55
PRD00195,WH004,Hyderabad,732,39,225,2025-12-08,2189917.08
PRD00196,WH002,Mumbai,706,77,113,2025-12-01,3453222.5
PRD00196,WH001,Bangalore,81,64,175,2025-12-30,396191.25
PRD00196,WH004,Hyderabad,59,52,168,2025-12-16,288583.75
PRD00196,WH007,Bhubaneswar,124,50,276,2025-12-17,606515.0
PRD00196,WH005,Chennai,463,109,268,2025-12-05,2264648.75
PRD00197,WH006,Kolkata,814,51,202,2025-12-24,850035.78
PRD00197,WH001,Bangalore,880,103,222,2025-12-11,918957.6
PRD00197,WH005,Chennai,576,25,159,2025-12-08,601499.52
PRD00197,WH007,Bhubaneswar,597,50,61,2025-12-17,623429.19
PRD00197,WH003,Delhi,444,120,182,2025-12-06,463655.88
PRD00198,WH004,Hyderabad,242,56,162,2025-12-05,10036202.22
PRD00198,WH006,Kolkata,662,53,242,2025-12-05,27454404.42
PRD00199,WH003,Delhi,76,84,247,2025-12-14,463424.44
PRD00199,WH008,Dubai,726,74,229,2025-12-24,4426922.94
PRD00199,WH001,Bangalore,19,28,198,2025-12-23,115856.11
PRD00199,WH007,Bhubaneswar,3,72,62,2025-12-30,18293.07
PRD00200,WH001,Bangalore,487,104,177,2025-12-25,429105.44
PRD00200,WH004,Hyderabad,421,27,195,2025-12-08,370951.52
PRD00200,WH005,Chennai,621,112,190,2025-12-09,547175.52
PRD00200,WH007,Bhubaneswar,705,81,273,2025-12-03,621189.6
PRD00201,WH002,Mumbai,656,96,81,2025-12-27,577811.36
PRD00201,WH005,Chennai,132,30,231,2025-12-10,116266.92
PRD00202,WH004,Hyderabad,154,36,107,2025-12-07,223166.02
PRD00202,WH002,Mumbai,286,55,239,2025-12-27,414451.18
PRD00202,WH008,Dubai,176,89,58,2025-12-10,255046.88
PRD00203,WH004,Hyderabad,378,56,286,2025-12-10,211921.92
PRD00203,WH003,Delhi,690,72,152,2025-12-06,386841.6
PRD00204,WH004,Hyderabad,809,116,109,2025-12-25,7554417.73
PRD00204,WH003,Delhi,14,50,238,2025-12-25,130731.58
PRD00204,WH001,Bangalore,597,62,63,2025-12-19,5574768.09
PRD00204,WH002,Mumbai,42,30,113,2025-12-05,392194.74
PRD00204,WH008,Dubai,805,110,260,2025-12-09,7517065.85
PRD00205,WH005,Chennai,528,49,191,2025-12-02,783425.28
PRD00205,WH003,Delhi,66,103,217,2025-12-26,97928.16
PRD00205,WH002,Mumbai,592,23,109,2025-12-18,878385.92
PRD00206,WH005,Chennai,157,63,259,2025-12-04,246738.06
PRD00206,WH001,Bangalore,287,60,151,2025-12-14,451043.46
PRD00206,WH003,Delhi,175,41,137,2025-12-31,275026.5
PRD00207,WH007,Bhubaneswar,207,87,217,2025-12-28,123943.32
PRD00207,WH005,Chennai,279,99,160,2025-12-01,167054.04
PRD00207,WH008,Dubai,488,97,98,2025-12-30,292194.88
PRD00208,WH001,Bangalore,838,37,297,2025-12-30,1178228.0
PRD00208,WH003,Delhi,493,55,234,2025-12-18,693158.0
PRD00208,WH002,Mumbai,704,58,215,2025-12-24,989824.0
PRD00209,WH005,Chennai,556,73,116,2025-12-04,1281174.12
PRD00209,WH002,Mumbai,382,24,108,2025-12-29,880231.14
PRD00209,WH001,Bangalore,467,103,119,2025-12-01,1076094.09
PRD00210,WH004,Hyderabad,461,33,153,2025-12-13,2475090.56
PRD00210,WH005,Chennai,833,84,232,2025-12-19,4472343.68
PRD00210,WH007,Bhubaneswar,821,116,224,2025-12-22,4407916.16
PRD00210,WH008,Dubai,474,42,58,2025-12-09,2544887.04
PRD00210,WH006,Kolkata,650,101,225,2025-12-26,3489824.0
PRD00211,WH001,Bangalore,418,90,206,2025-12-09,1309777.92
PRD00211,WH002,Mumbai,555,72,236,2025-12-30,1739059.2
PRD00211,WH006,Kolkata,651,113,240,2025-12-14,2039869.44
PRD00211,WH007,Bhubaneswar,832,54,244,2025-12-30,2607022.08
PRD00212,WH008,Dubai,884,50,220,2025-12-30,3434012.92
PRD00212,WH007,Bhubaneswar,217,24,131,2025-12-30,842964.71
PRD00213,WH008,Dubai,752,78,222,2025-12-22,18908107.52
PRD00213,WH005,Chennai,156,95,107,2025-12-28,3922426.56
PRD00214,WH008,Dubai,777,112,216,2025-12-18,7522696.44
PRD00214,WH001,Bangalore,154,92,223,2025-12-02,1490984.88
PRD00215,WH007,Bhubaneswar,730,45,206,2025-12-05,1162327.9
PRD00215,WH008,Dubai,154,62,297,2025-12-31,245203.42
PRD00215,WH004,Hyderabad,306,101,275,2025-12-21,487222.38
PRD00216,WH004,Hyderabad,441,97,299,2025-12-12,216769.14
PRD00216,WH007,Bhubaneswar,460,33,98,2025-12-20,226108.4
PRD00217,WH003,Delhi,269,82,247,2025-12-24,1158155.29
PRD00217,WH001,Bangalore,738,80,252,2025-12-29,3177392.58
PRD00217,WH002,Mumbai,723,25,215,2025-12-09,3112811.43
PRD00217,WH006,Kolkata,72,114,161,2025-12-05,309989.52
PRD00217,WH008,Dubai,367,40,164,2025-12-17,1580085.47
PRD00218,WH004,Hyderabad,208,68,271,2025-12-06,6769538.88
PRD00218,WH002,Mumbai,801,73,284,2025-12-21,26069233.86
PRD00218,WH005,Chennai,71,98,188,2025-12-05,2310756.06
PRD00218,WH007,Bhubaneswar,434,63,75,2025-12-04,14124903.24
PRD00219,WH007,Bhubaneswar,268,103,228,2025-12-01,752777.16
PRD00219,WH006,Kolkata,392,67,216,2025-12-08,1101077.04
PRD00219,WH001,Bangalore,672,27,53,2025-12-22,1887560.64
PRD00220,WH006,Kolkata,482,64,181,2025-12-06,3331251.42
PRD00220,WH008,Dubai,560,49,115,2025-12-01,3870333.6
PRD00220,WH002,Mumbai,791,76,191,2025-12-19,5466846.21
PRD00220,WH005,Chennai,27,80,191,2025-12-20,186605.37
PRD00221,WH003,Delhi,793,54,105,2025-12-03,785712.33
PRD00221,WH007,Bhubaneswar,16,82,64,2025-12-04,15852.96
PRD00221,WH002,Mumbai,222,120,284,2025-12-25,219959.82
PRD00221,WH006,Kolkata,215,84,214,2025-12-28,213024.15
PRD00222,WH002,Mumbai,56,55,135,2025-12-07,30637.04
PRD00222,WH003,Delhi,1,93,213,2025-12-20,547.09
PRD00222,WH006,Kolkata,509,75,247,2025-12-13,278468.81
PRD00222,WH004,Hyderabad,13,58,54,2025-12-02,7112.17
PRD00222,WH005,Chennai,872,59,190,2025-12-20,477062.48
PRD00223,WH008,Dubai,61,62,143,2025-12-05,11525.95
PRD00223,WH006,Kolkata,606,62,162,2025-12-17,114503.7
PRD00223,WH007,Bhubaneswar,383,118,296,2025-12-11,72367.85
PRD00223,WH004,Hyderabad,413,44,237,2025-12-14,78036.35
PRD00223,WH002,Mumbai,838,62,105,2025-12-22,158340.1
PRD00224,WH005,Chennai,827,51,213,2025-12-22,4880730.71
PRD00224,WH007,Bhubaneswar,403,42,138,2025-12-03,2378397.19
PRD00225,WH005,Chennai,524,119,173,2025-12-01,444724.04
PRD00225,WH006,Kolkata,51,69,60,2025-12-15,43284.21
PRD00226,WH005,Chennai,228,40,179,2025-12-14,8177999.76
PRD00226,WH003,Delhi,514,31,51,2025-12-06,18436367.88
PRD00227,WH001,Bangalore,176,63,170,2025-12-06,120605.76
PRD00227,WH002,Mumbai,135,108,63,2025-12-14,92510.1
PRD00227,WH007,Bhubaneswar,379,78,136,2025-12-09,259713.54
PRD00227,WH004,Hyderabad,379,108,207,2025-12-27,259713.54
PRD00228,WH003,Delhi,861,81,175,2025-12-12,26202124.2
PRD00228,WH006,Kolkata,18,48,177,2025-12-22,547779.6
PRD00228,WH004,Hyderabad,473,87,163,2025-12-18,14394430.6
PRD00228,WH008,Dubai,723,35,175,2025-12-20,22002480.6
PRD00228,WH001,Bangalore,79,120,170,2025-12-07,2404143.8
PRD00229,WH002,Mumbai,265,38,188,2025-12-17,1152079.55
PRD00229,WH001,Bangalore,802,100,282,2025-12-25,3486670.94
PRD00229,WH004,Hyderabad,565,45,299,2025-12-29,2456320.55
PRD00229,WH003,Delhi,625,29,290,2025-12-19,2717168.75
PRD00230,WH004,Hyderabad,92,29,261,2025-12-14,229865.68
PRD00230,WH007,Bhubaneswar,26,71,109,2025-12-31,64962.04
PRD00230,WH006,Kolkata,231,98,101,2025-12-06,577162.74
PRD00230,WH003,Delhi,391,20,134,2025-12-21,976929.14
PRD00231,WH001,Bangalore,467,62,94,2025-12-24,7801136.93
PRD00231,WH007,Bhubaneswar,533,81,129,2025-12-21,8903653.07
PRD00231,WH004,Hyderabad,882,70,253,2025-12-18,14733624.78
PRD00232,WH008,Dubai,453,103,166,2025-12-15,631110.54
PRD00232,WH001,Bangalore,855,108,237,2025-12-21,1191168.9
PRD00232,WH002,Mumbai,152,68,221,2025-12-05,211763.36
PRD00232,WH007,Bhubaneswar,367,112,67,2025-12-21,511297.06
PRD00233,WH006,Kolkata,332,85,145,2025-12-26,1949577.04
PRD00233,WH005,Chennai,469,31,239,2025-12-13,2754071.18
PRD00233,WH007,Bhubaneswar,87,80,137,2025-12-10,510883.14
PRD00234,WH006,Kolkata,278,81,178,2025-12-27,579735.64
PRD00234,WH005,Chennai,373,29,114,2025-12-01,777846.74
PRD00234,WH007,Bhubaneswar,828,44,114,2025-12-14,1726694.64
PRD00234,WH004,Hyderabad,451,74,218,2025-12-24,940506.38
PRD00235,WH005,Chennai,166,45,280,2025-12-20,1171619.7
PRD00235,WH006,Kolkata,120,25,228,2025-12-14,846954.0
PRD00235,WH001,Bangalore,618,48,184,2025-12-15,4361813.1
PRD00236,WH007,Bhubaneswar,277,80,143,2025-12-10,1383105.32
PRD00236,WH003,Delhi,719,56,210,2025-12-09,3590082.04
PRD00236,WH008,Dubai,868,108,65,2025-12-18,4334062.88
PRD00236,WH004,Hyderabad,737,75,80,2025-12-15,3679958.92
PRD00236,WH002,Mumbai,380,22,70,2025-12-31,1897400.8
PRD00237,WH008,Dubai,576,94,203,2025-12-07,720207.36
PRD00237,WH004,Hyderabad,807,92,69,2025-12-18,1009040.52
PRD00237,WH003,Delhi,757,89,204,2025-12-21,946522.52
PRD00237,WH007,Bhubaneswar,92,72,196,2025-12-04,115033.12
PRD00237,WH005,Chennai,806,62,142,2025-12-05,1007790.16
PRD00238,WH003,Delhi,462,56,161,2025-12-31,1464313.62
PRD00238,WH005,Chennai,842,20,85,2025-12-11,2668727.42
PRD00238,WH002,Mumbai,299,31,83,2025-12-20,947683.49
PRD00239,WH002,Mumbai,275,51,138,2025-12-26,1410480.5
PRD00239,WH008,Dubai,20,37,69,2025-12-24,102580.4
PRD00239,WH007,Bhubaneswar,64,29,217,2025-12-26,328257.28
PRD00239,WH003,Delhi,411,103,74,2025-12-07,2108027.22
PRD00240,WH002,Mumbai,512,27,263,2025-12-22,37633566.72
PRD00240,WH003,Delhi,320,74,249,2025-12-03,23520979.2
PRD00240,WH007,Bhubaneswar,147,87,112,2025-12-24,10804949.82
PRD00240,WH008,Dubai,376,64,210,2025-12-29,27637150.56
PRD00241,WH005,Chennai,97,52,90,2025-12-11,176911.51
PRD00241,WH003,Delhi,519,111,289,2025-12-29,946567.77
PRD00241,WH008,Dubai,314,45,172,2025-12-29,572682.62
PRD00241,WH004,Hyderabad,741,32,230,2025-12-22,1351458.03
PRD00241,WH001,Bangalore,170,52,64,2025-12-18,310051.1
PRD00242,WH004,Hyderabad,646,103,89,2025-12-21,621045.02
PRD00242,WH007,Bhubaneswar,174,112,219,2025-12-09,167278.38
PRD00242,WH003,Delhi,725,98,149,2025-12-09,696993.25
PRD00242,WH001,Bangalore,638,41,277,2025-12-22,613354.06
PRD00243,WH004,Hyderabad,417,85,253,2025-12-08,3041322.78
PRD00243,WH003,Delhi,718,44,230,2025-12-31,5236618.12
PRD00244,WH004,Hyderabad,109,75,189,2025-12-16,1256278.41
PRD00244,WH008,Dubai,206,119,64,2025-12-01,2374250.94
PRD00244,WH006,Kolkata,786,98,242,2025-12-25,9059035.14
PRD00245,WH008,Dubai,212,43,57,2025-12-22,3373827.36
PRD00245,WH001,Bangalore,813,69,113,2025-12-08,12938309.64
PRD00245,WH005,Chennai,462,99,81,2025-12-14,7352397.36
PRD00245,WH003,Delhi,232,87,71,2025-12-21,3692112.96
PRD00245,WH004,Hyderabad,30,77,220,2025-12-05,477428.4
PRD00246,WH002,Mumbai,617,85,152,2025-12-14,1599640.37
PRD00246,WH008,Dubai,529,33,280,2025-12-22,1371490.69
PRD00247,WH001,Bangalore,402,120,219,2025-12-10,705184.38
PRD00247,WH006,Kolkata,782,67,246,2025-12-17,1371776.58
PRD00247,WH005,Chennai,149,54,87,2025-12-12,261374.31
PRD00247,WH007,Bhubaneswar,60,98,88,2025-12-31,105251.4
PRD00248,WH005,Chennai,734,68,166,2025-12-15,42935095.12
PRD00248,WH007,Bhubaneswar,292,43,118,2025-12-10,17080446.56
PRD00248,WH001,Bangalore,206,50,69,2025-12-15,12049904.08
PRD00248,WH004,Hyderabad,730,50,148,2025-12-27,42701116.4
PRD00248,WH002,Mumbai,69,64,67,2025-12-27,4036132.92
PRD00249,WH007,Bhubaneswar,631,66,238,2025-12-07,118508.11
PRD00249,WH008,Dubai,366,107,190,2025-12-11,68738.46
PRD00249,WH003,Delhi,822,21,268,2025-12-23,154379.82
PRD00250,WH005,Chennai,529,66,90,2025-12-24,1958373.87
PRD00250,WH007,Bhubaneswar,520,28,171,2025-12-26,1925055.6
PRD00250,WH002,Mumbai,663,111,189,2025-12-20,2454445.89
PRD00251,WH006,Kolkata,801,54,195,2025-12-24,1792085.31
PRD00251,WH008,Dubai,187,92,281,2025-12-28,418376.97
PRD00251,WH003,Delhi,515,63,158,2025-12-20,1152214.65
PRD00251,WH007,Bhubaneswar,619,54,99,2025-12-23,1384894.89
PRD00252,WH001,Bangalore,741,86,283,2025-12-07,10414599.39
PRD00252,WH003,Delhi,187,86,213,2025-12-09,2628245.73
PRD00253,WH005,Chennai,857,74,259,2025-12-09,4670487.17
PRD00253,WH006,Kolkata,60,100,192,2025-12-24,326988.6
PRD00253,WH007,Bhubaneswar,243,56,273,2025-12-28,1324303.83
PRD00253,WH002,Mumbai,759,64,243,2025-12-26,4136405.79
PRD00253,WH003,Delhi,488,29,92,2025-12-17,2659507.28
PRD00254,WH008,Dubai,431,43,246,2025-12-01,22404664.38
PRD00254,WH001,Bangalore,684,109,96,2025-12-25,35556358.32
PRD00254,WH002,Mumbai,649,113,279,2025-12-13,33736954.02
PRD00254,WH004,Hyderabad,814,47,177,2025-12-16,42314145.72
PRD00254,WH007,Bhubaneswar,101,95,280,2025-12-23,5250280.98
PRD00255,WH005,Chennai,137,42,158,2025-12-26,158385.7
PRD00255,WH008,Dubai,137,77,62,2025-12-08,158385.7
PRD00255,WH004,Hyderabad,211,28,101,2025-12-28,243937.1
PRD00255,WH002,Mumbai,102,68,109,2025-12-02,117922.2
PRD00256,WH002,Mumbai,440,98,243,2025-12-16,21048979.6
PRD00256,WH005,Chennai,129,49,64,2025-12-24,6171178.11
PRD00257,WH005,Chennai,308,88,201,2025-12-20,2409086.68
PRD00257,WH003,Delhi,761,90,156,2025-12-20,5952321.31
PRD00257,WH004,Hyderabad,302,41,250,2025-12-10,2362156.42
PRD00258,WH007,Bhubaneswar,625,20,152,2025-12-02,1370162.5
PRD00258,WH006,Kolkata,599,108,294,2025-12-17,1313163.74
PRD00258,WH008,Dubai,678,30,215,2025-12-05,1486352.28
PRD00258,WH002,Mumbai,146,91,165,2025-12-14,320069.96
PRD00259,WH008,Dubai,681,94,80,2025-12-14,334915.8
PRD00259,WH002,Mumbai,612,112,68,2025-12-06,300981.6
PRD00259,WH004,Hyderabad,845,102,89,2025-12-23,415571.0
PRD00260,WH004,Hyderabad,358,40,210,2025-12-27,2045737.3
PRD00260,WH006,Kolkata,74,83,200,2025-12-20,422861.9
PRD00260,WH008,Dubai,759,109,126,2025-12-02,4337191.65
PRD00260,WH001,Bangalore,520,28,240,2025-12-13,2971462.0
PRD00261,WH003,Delhi,158,68,254,2025-12-15,4025149.54
PRD00261,WH006,Kolkata,21,116,190,2025-12-10,534988.23
PRD00261,WH005,Chennai,574,32,238,2025-12-31,14623011.62
PRD00262,WH003,Delhi,169,101,218,2025-12-19,73261.5
PRD00262,WH004,Hyderabad,818,90,205,2025-12-27,354603.0
PRD00263,WH006,Kolkata,470,107,101,2025-12-14,777727.8
PRD00263,WH008,Dubai,732,30,211,2025-12-05,1211269.68
PRD00264,WH007,Bhubaneswar,197,35,100,2025-12-08,53897.23
PRD00264,WH004,Hyderabad,90,24,256,2025-12-09,24623.1
PRD00264,WH005,Chennai,885,105,216,2025-12-15,242127.15
PRD00264,WH006,Kolkata,814,38,279,2025-12-17,222702.26
PRD00265,WH006,Kolkata,852,70,50,2025-12-03,2421665.16
PRD00265,WH007,Bhubaneswar,740,100,281,2025-12-18,2103324.2
PRD00266,WH001,Bangalore,373,118,155,2025-12-23,7058666.92
PRD00266,WH004,Hyderabad,103,87,290,2025-12-08,1949176.12
PRD00266,WH003,Delhi,72,30,203,2025-12-17,1362530.88
PRD00266,WH002,Mumbai,74,59,69,2025-12-03,1400378.96
PRD00267,WH002,Mumbai,836,79,234,2025-12-05,11086229.44
PRD00267,WH005,Chennai,845,29,173,2025-12-01,11205578.8
PRD00268,WH002,Mumbai,374,43,269,2025-12-11,14878381.98
PRD00268,WH007,Bhubaneswar,260,94,152,2025-12-02,10343260.2
PRD00268,WH001,Bangalore,521,50,268,2025-12-08,20726302.17
PRD00268,WH008,Dubai,568,106,298,2025-12-23,22596045.36
PRD00268,WH003,Delhi,682,35,127,2025-12-17,27131167.14
PRD00269,WH008,Dubai,5,69,263,2025-12-18,290503.1
PRD00269,WH006,Kolkata,356,69,169,2025-12-15,20683820.72
PRD00269,WH007,Bhubaneswar,224,98,102,2025-12-15,13014538.88
PRD00269,WH004,Hyderabad,339,75,277,2025-12-12,19696110.18
PRD00270,WH008,Dubai,396,30,198,2025-12-07,1096096.32
PRD00270,WH007,Bhubaneswar,507,62,51,2025-12-09,1403335.44
PRD00270,WH005,Chennai,639,29,296,2025-12-26,1768700.88
PRD00270,WH002,Mumbai,386,66,170,2025-12-05,1068417.12
PRD00271,WH008,Dubai,609,103,212,2025-12-14,3547930.47
PRD00271,WH004,Hyderabad,67,45,98,2025-12-12,390330.61
PRD00271,WH005,Chennai,405,101,251,2025-12-15,2359461.15
PRD00272,WH005,Chennai,348,114,226,2025-12-13,377677.44
PRD00272,WH003,Delhi,823,74,92,2025-12-23,893185.44
PRD00272,WH008,Dubai,735,76,134,2025-12-04,797680.8
PRD00273,WH004,Hyderabad,158,75,115,2025-12-29,98490.88
PRD00273,WH007,Bhubaneswar,37,56,298,2025-12-08,23064.32
PRD00274,WH001,Bangalore,495,92,203,2025-12-15,267349.5
PRD00274,WH002,Mumbai,19,62,127,2025-12-20,10261.9
PRD00274,WH004,Hyderabad,460,26,106,2025-12-09,248446.0
PRD00274,WH006,Kolkata,121,91,245,2025-12-29,65352.1
PRD00274,WH008,Dubai,140,54,137,2025-12-10,75614.0
PRD00275,WH002,Mumbai,350,65,108,2025-12-17,864181.5
PRD00275,WH004,Hyderabad,518,100,273,2025-12-11,1278988.62
PRD00275,WH006,Kolkata,553,111,230,2025-12-07,1365406.77
PRD00276,WH008,Dubai,398,92,159,2025-12-01,70704.7
PRD00276,WH006,Kolkata,647,38,148,2025-12-14,114939.55
PRD00276,WH002,Mumbai,641,55,159,2025-12-27,113873.65
PRD00276,WH004,Hyderabad,716,50,139,2025-12-09,127197.4
PRD00277,WH006,Kolkata,369,72,219,2025-12-11,781881.48
PRD00277,WH008,Dubai,253,85,197,2025-12-22,536086.76
PRD00277,WH005,Chennai,870,33,119,2025-12-24,1843460.4
PRD00277,WH007,Bhubaneswar,212,96,82,2025-12-17,449211.04
PRD00278,WH005,Chennai,875,95,151,2025-12-24,324975.0
PRD00278,WH007,Bhubaneswar,873,29,222,2025-12-02,324232.2
PRD00278,WH008,Dubai,526,66,200,2025-12-13,195356.4
PRD00278,WH006,Kolkata,501,65,76,2025-12-06,186071.4
PRD00279,WH007,Bhubaneswar,755,49,255,2025-12-04,15280195.85
PRD00279,WH005,Chennai,295,41,264,2025-12-19,5970407.65
PRD00279,WH004,Hyderabad,123,99,53,2025-12-25,2489356.41
PRD00279,WH006,Kolkata,865,84,235,2025-12-16,17506449.55
PRD00280,WH002,Mumbai,372,120,277,2025-12-27,503014.68
PRD00280,WH007,Bhubaneswar,866,74,176,2025-12-14,1170996.54
PRD00280,WH003,Delhi,43,52,294,2025-12-04,58144.17
PRD00280,WH004,Hyderabad,453,102,170,2025-12-09,612542.07
PRD00281,WH003,Delhi,406,30,75,2025-12-01,27702407.18
PRD00281,WH002,Mumbai,699,95,79,2025-12-02,47694538.47
PRD00281,WH004,Hyderabad,427,22,120,2025-12-03,29135290.31
PRD00281,WH006,Kolkata,658,51,155,2025-12-07,44897004.74
PRD00281,WH001,Bangalore,348,95,115,2025-12-15,23744920.44
PRD00282,WH008,Dubai,22,59,65,2025-12-08,71299.8
PRD00282,WH007,Bhubaneswar,393,39,278,2025-12-01,1273673.7
PRD00282,WH002,Mumbai,696,61,153,2025-12-08,2255666.4
PRD00283,WH006,Kolkata,583,25,251,2025-12-30,21033001.77
PRD00283,WH008,Dubai,336,75,282,2025-12-27,12121935.84
PRD00283,WH005,Chennai,159,75,67,2025-12-01,5736273.21
PRD00284,WH003,Delhi,564,30,227,2025-12-14,508976.16
PRD00284,WH005,Chennai,803,69,252,2025-12-14,724659.32
PRD00285,WH001,Bangalore,179,67,188,2025-12-21,791303.51
PRD00285,WH005,Chennai,324,96,236,2025-12-03,1432303.56
PRD00285,WH002,Mumbai,288,87,100,2025-12-29,1273158.72
PRD00286,WH003,Delhi,692,96,284,2025-12-01,4840616.12
PRD00286,WH002,Mumbai,474,47,170,2025-12-22,3315682.14
PRD00286,WH004,Hyderabad,570,21,131,2025-12-29,3987212.7
PRD00286,WH005,Chennai,875,81,151,2025-12-06,6120721.25
PRD00286,WH001,Bangalore,557,32,102,2025-12-12,3896276.27
PRD00287,WH006,Kolkata,778,87,161,2025-12-28,1966830.68
PRD00287,WH004,Hyderabad,188,87,214,2025-12-21,475275.28
PRD00287,WH003,Delhi,784,97,242,2025-12-29,1981999.04
PRD00287,WH008,Dubai,366,69,64,2025-12-27,925269.96
PRD00288,WH005,Chennai,16,29,176,2025-12-02,22156.64
PRD00288,WH004,Hyderabad,450,83,111,2025-12-03,623155.5
PRD00288,WH003,Delhi,450,38,228,2025-12-27,623155.5
PRD00289,WH004,Hyderabad,86,33,196,2025-12-27,524911.32
PRD00289,WH007,Bhubaneswar,57,83,271,2025-12-20,347906.34
PRD00289,WH006,Kolkata,164,115,70,2025-12-24,1000993.68
PRD00290,WH001,Bangalore,795,92,237,2025-12-18,462411.75
PRD00290,WH008,Dubai,623,99,60,2025-12-28,362367.95
PRD00290,WH002,Mumbai,29,77,71,2025-12-23,16867.85
PRD00291,WH008,Dubai,82,69,220,2025-12-31,637781.24
PRD00291,WH004,Hyderabad,19,77,129,2025-12-06,147778.58
PRD00291,WH002,Mumbai,422,105,222,2025-12-17,3282240.04
PRD00292,WH006,Kolkata,654,90,276,2025-12-18,12724616.4
PRD00292,WH008,Dubai,147,59,52,2025-12-24,2860120.2
PRD00293,WH001,Bangalore,676,81,240,2025-12-17,474741.28
PRD00293,WH008,Dubai,347,105,129,2025-12-20,243691.16
PRD00293,WH005,Chennai,671,70,254,2025-12-08,471229.88
PRD00293,WH006,Kolkata,362,83,190,2025-12-08,254225.36
PRD00293,WH002,Mumbai,724,104,257,2025-12-24,508450.72
PRD00294,WH005,Chennai,887,90,82,2025-12-09,172681.16
PRD00294,WH006,Kolkata,588,106,189,2025-12-08,114471.84
PRD00294,WH008,Dubai,252,119,279,2025-12-13,49059.36
PRD00294,WH003,Delhi,763,64,109,2025-12-14,148540.84
PRD00295,WH006,Kolkata,495,86,68,2025-12-20,1362428.1
PRD00295,WH007,Bhubaneswar,250,24,74,2025-12-21,688095.0
PRD00296,WH002,Mumbai,26,94,296,2025-12-06,125167.64
PRD00296,WH008,Dubai,623,88,271,2025-12-28,2999209.22
PRD00296,WH001,Bangalore,6,99,174,2025-12-13,28884.84
PRD00296,WH006,Kolkata,508,46,291,2025-12-05,2445583.12
PRD00297,WH007,Bhubaneswar,796,74,123,2025-12-26,1030382.2
PRD00297,WH005,Chennai,476,24,251,2025-12-29,616158.2
PRD00297,WH002,Mumbai,830,80,164,2025-12-05,1074393.5
PRD00297,WH006,Kolkata,450,119,59,2025-12-31,582502.5
PRD00297,WH004,Hyderabad,128,21,285,2025-12-06,165689.6
PRD00298,WH004,Hyderabad,303,56,51,2025-12-14,2052297.78
PRD00298,WH003,Delhi,432,54,59,2025-12-17,2926048.32
PRD00299,WH001,Bangalore,471,36,54,2025-12-11,1893236.31
PRD00299,WH004,Hyderabad,326,63,175,2025-12-27,1310392.86
PRD00299,WH007,Bhubaneswar,257,66,220,2025-12-08,1033039.77
PRD00299,WH002,Mumbai,854,107,143,2025-12-03,3432746.94
PRD00300,WH005,Chennai,264,109,144,2025-12-08,15565286.88
PRD00300,WH003,Delhi,502,61,105,2025-12-12,29597628.84
PRD00301,WH002,Mumbai,444,47,259,2025-12-25,28827339.36
PRD00301,WH006,Kolkata,793,70,151,2025-12-07,51486666.92
PRD00302,WH008,Dubai,27,44,171,2025-12-19,290579.94
PRD00302,WH006,Kolkata,389,66,163,2025-12-15,4186503.58
PRD00302,WH003,Delhi,55,112,81,2025-12-22,591922.1
PRD00302,WH005,Chennai,260,94,117,2025-12-08,2798177.2
PRD00302,WH004,Hyderabad,106,49,99,2025-12-10,1140795.32
PRD00303,WH008,Dubai,241,117,268,2025-12-25,629790.84
PRD00303,WH002,Mumbai,240,108,269,2025-12-04,627177.6
PRD00304,WH007,Bhubaneswar,631,51,248,2025-12-03,2526902.6
PRD00304,WH002,Mumbai,607,51,216,2025-12-26,2430792.2
PRD00304,WH003,Delhi,606,80,69,2025-12-08,2426787.6
PRD00304,WH004,Hyderabad,281,30,229,2025-12-27,1125292.6
PRD00305,WH001,Bangalore,744,92,65,2025-12-05,1935374.64
PRD00305,WH006,Kolkata,355,41,283,2025-12-09,923465.05
PRD00305,WH003,Delhi,304,68,111,2025-12-10,790798.24
PRD00305,WH002,Mumbai,205,25,218,2025-12-26,533268.55
PRD00306,WH003,Delhi,702,53,269,2025-12-19,1467306.36
PRD00306,WH007,Bhubaneswar,700,27,105,2025-12-27,1463126.0
PRD00307,WH005,Chennai,561,114,129,2025-12-16,5847336.66
PRD00307,WH007,Bhubaneswar,333,85,105,2025-12-28,3470878.98
PRD00307,WH006,Kolkata,381,109,177,2025-12-06,3971185.86
PRD00308,WH006,Kolkata,397,115,258,2025-12-05,485336.47
PRD00308,WH005,Chennai,563,35,200,2025-12-15,688273.13
PRD00309,WH006,Kolkata,704,45,264,2025-12-25,2197219.2
PRD00309,WH003,Delhi,16,57,223,2025-12-10,49936.8
PRD00310,WH005,Chennai,314,55,184,2025-12-05,1234823.84
PRD00310,WH007,Bhubaneswar,49,41,165,2025-12-29,192695.44
PRD00310,WH006,Kolkata,576,87,168,2025-12-05,2265154.56
PRD00311,WH001,Bangalore,388,117,141,2025-12-26,814272.32
PRD00311,WH002,Mumbai,256,45,145,2025-12-09,537251.84
PRD00311,WH003,Delhi,55,25,106,2025-12-11,115425.2
PRD00311,WH004,Hyderabad,699,24,98,2025-12-17,1466949.36
PRD00311,WH007,Bhubaneswar,84,75,147,2025-12-29,176285.76
PRD00312,WH006,Kolkata,322,64,163,2025-12-08,59505.6
PRD00312,WH003,Delhi,331,57,191,2025-12-19,61168.8
PRD00312,WH005,Chennai,215,119,181,2025-12-25,39732.0
PRD00312,WH007,Bhubaneswar,291,110,131,2025-12-23,53776.8
PRD00312,WH002,Mumbai,17,106,158,2025-12-28,3141.6
PRD00313,WH001,Bangalore,645,42,269,2025-12-11,4943486.4
PRD00313,WH006,Kolkata,661,91,266,2025-12-09,5066115.52
PRD00314,WH008,Dubai,723,54,94,2025-12-03,22624470.27
PRD00314,WH004,Hyderabad,560,74,73,2025-12-26,17523794.4
PRD00315,WH003,Delhi,98,106,251,2025-12-04,179413.5
PRD00315,WH004,Hyderabad,317,74,131,2025-12-11,580347.75
PRD00315,WH008,Dubai,168,35,88,2025-12-30,307566.0
PRD00315,WH007,Bhubaneswar,588,40,136,2025-12-05,1076481.0
PRD00315,WH001,Bangalore,154,115,140,2025-12-24,281935.5
PRD00316,WH002,Mumbai,714,113,300,2025-12-08,30237450.18
PRD00316,WH001,Bangalore,573,100,297,2025-12-28,24266189.01
PRD00316,WH006,Kolkata,785,113,177,2025-12-11,33244255.45
PRD00316,WH004,Hyderabad,737,43,172,2025-12-17,31211485.69
PRD00316,WH003,Delhi,783,96,194,2025-12-23,33159556.71
PRD00317,WH003,Delhi,873,92,143,2025-12-18,1150937.01
PRD00317,WH006,Kolkata,120,21,197,2025-12-13,158204.4
PRD00317,WH001,Bangalore,738,87,294,2025-12-03,972957.06
PRD00318,WH003,Delhi,300,27,131,2025-12-21,13849173.0
PRD00318,WH002,Mumbai,341,99,56,2025-12-29,15741893.31
PRD00319,WH007,Bhubaneswar,186,119,218,2025-12-05,438374.1
PRD00319,WH006,Kolkata,104,113,252,2025-12-28,245112.4
PRD00319,WH001,Bangalore,104,102,138,2025-12-08,245112.4
PRD00319,WH005,Chennai,705,106,146,2025-12-08,1661579.25
PRD00320,WH007,Bhubaneswar,105,82,210,2025-12-04,118570.2
PRD00320,WH008,Dubai,275,79,130,2025-12-02,310541.0
PRD00320,WH002,Mumbai,452,116,96,2025-12-28,510416.48
PRD00320,WH005,Chennai,490,82,200,2025-12-15,553327.6
PRD00321,WH006,Kolkata,260,56,250,2025-12-08,415987.0
PRD00321,WH008,Dubai,565,39,79,2025-12-16,903971.75
PRD00321,WH003,Delhi,178,100,198,2025-12-06,284791.1
PRD00321,WH007,Bhubaneswar,505,39,162,2025-12-16,807974.75
PRD00322,WH003,Delhi,258,101,201,2025-12-20,1120739.1
PRD00322,WH005,Chennai,819,91,242,2025-12-30,3557695.05
PRD00322,WH002,Mumbai,516,112,60,2025-12-05,2241478.2
PRD00323,WH003,Delhi,237,81,210,2025-12-06,467214.69
PRD00323,WH002,Mumbai,411,53,283,2025-12-08,810233.07
PRD00323,WH007,Bhubaneswar,111,57,75,2025-12-20,218822.07
PRD00324,WH007,Bhubaneswar,624,75,94,2025-12-24,542992.32
PRD00324,WH003,Delhi,664,91,151,2025-12-30,577799.52
PRD00324,WH005,Chennai,806,113,260,2025-12-14,701365.08
PRD00325,WH006,Kolkata,128,35,112,2025-12-30,114206.72
PRD00325,WH004,Hyderabad,669,111,242,2025-12-30,596908.56
PRD00325,WH002,Mumbai,90,70,98,2025-12-12,80301.6
PRD00325,WH005,Chennai,7,92,117,2025-12-15,6245.68
PRD00325,WH008,Dubai,584,70,280,2025-12-04,521068.16
PRD00326,WH004,Hyderabad,733,25,216,2025-12-29,599572.01
PRD00326,WH005,Chennai,862,118,55,2025-12-26,705090.14
PRD00326,WH007,Bhubaneswar,575,109,61,2025-12-19,470332.75
PRD00326,WH001,Bangalore,526,82,274,2025-12-29,430252.22
PRD00326,WH006,Kolkata,474,112,94,2025-12-26,387717.78
PRD00327,WH007,Bhubaneswar,382,111,206,2025-12-17,1428641.8
PRD00327,WH008,Dubai,740,102,146,2025-12-22,2767526.0
PRD00327,WH004,Hyderabad,43,84,234,2025-12-28,160815.7
PRD00327,WH005,Chennai,487,88,299,2025-12-29,1821331.3
PRD00328,WH005,Chennai,260,34,268,2025-12-05,734853.6
PRD00328,WH002,Mumbai,599,85,279,2025-12-20,1692989.64
PRD00329,WH003,Delhi,139,71,148,2025-12-02,30606.41
PRD00329,WH005,Chennai,377,94,147,2025-12-11,83011.63
PRD00330,WH007,Bhubaneswar,169,102,73,2025-12-14,788636.81
PRD00330,WH004,Hyderabad,791,58,227,2025-12-30,3691193.59
PRD00330,WH005,Chennai,836,20,186,2025-12-22,3901185.64
PRD00331,WH007,Bhubaneswar,196,80,146,2025-12-02,665516.04
PRD00331,WH006,Kolkata,396,113,266,2025-12-10,1344614.04
PRD00331,WH002,Mumbai,25,118,130,2025-12-12,84887.25
PRD00331,WH005,Chennai,187,21,181,2025-12-20,634956.63
PRD00332,WH007,Bhubaneswar,285,105,164,2025-12-29,1413161.1
PRD00332,WH008,Dubai,499,85,156,2025-12-25,2474271.54
PRD00332,WH004,Hyderabad,81,43,210,2025-12-15,401635.26
PRD00333,WH007,Bhubaneswar,293,25,249,2025-12-29,14867992.0
PRD00333,WH003,Delhi,504,93,229,2025-12-18,25574976.0
PRD00333,WH005,Chennai,509,95,70,2025-12-07,25828696.0
PRD00334,WH001,Bangalore,293,112,220,2025-12-02,456578.97
PRD00334,WH003,Delhi,12,70,53,2025-12-05,18699.48
PRD00334,WH007,Bhubaneswar,847,118,106,2025-12-09,1319871.63
PRD00334,WH008,Dubai,612,59,221,2025-12-08,953673.48
PRD00335,WH006,Kolkata,7,66,93,2025-12-08,360402.91
PRD00335,WH001,Bangalore,760,38,284,2025-12-25,39129458.8
PRD00336,WH002,Mumbai,502,43,136,2025-12-15,18526013.82
PRD00336,WH003,Delhi,73,38,220,2025-12-12,2694021.93
PRD00336,WH001,Bangalore,821,106,55,2025-12-16,30298520.61
PRD00336,WH004,Hyderabad,198,31,143,2025-12-28,7307073.18
PRD00337,WH002,Mumbai,583,68,214,2025-12-16,2242486.18
PRD00337,WH005,Chennai,236,75,103,2025-12-19,907764.56
PRD00337,WH001,Bangalore,78,120,138,2025-12-24,300023.88
PRD00337,WH008,Dubai,42,62,148,2025-12-12,161551.32
PRD00338,WH005,Chennai,863,76,254,2025-12-05,862042.07
PRD00338,WH004,Hyderabad,895,73,102,2025-12-12,894006.55
PRD00338,WH002,Mumbai,729,94,210,2025-12-06,728190.81
PRD00338,WH001,Bangalore,778,31,150,2025-12-17,777136.42
PRD00338,WH007,Bhubaneswar,11,23,250,2025-12-11,10987.79
PRD00339,WH007,Bhubaneswar,364,74,74,2025-12-23,10295619.88
PRD00339,WH002,Mumbai,154,59,263,2025-12-06,4355839.18
PRD00339,WH003,Delhi,67,32,113,2025-12-29,1895072.89
PRD00339,WH001,Bangalore,657,90,281,2025-12-26,18583028.19
PRD00339,WH008,Dubai,603,51,224,2025-12-24,17055656.01
PRD00340,WH007,Bhubaneswar,207,42,168,2025-12-07,410992.29
PRD00340,WH002,Mumbai,569,54,281,2025-12-24,1129732.43
PRD00340,WH005,Chennai,520,26,157,2025-12-10,1032444.4
PRD00341,WH004,Hyderabad,812,20,248,2025-12-21,2541129.64
PRD00341,WH008,Dubai,325,102,271,2025-12-23,1017077.75
PRD00342,WH001,Bangalore,85,98,267,2025-12-28,120006.4
PRD00342,WH007,Bhubaneswar,250,101,234,2025-12-01,352960.0
PRD00342,WH005,Chennai,879,26,292,2025-12-30,1241007.36
PRD00342,WH004,Hyderabad,686,42,116,2025-12-28,968522.24
PRD00342,WH008,Dubai,656,43,278,2025-12-02,926167.04
PRD00343,WH001,Bangalore,312,71,63,2025-12-23,2911325.04
PRD00343,WH005,Chennai,225,101,80,2025-12-23,2099513.25
PRD00344,WH003,Delhi,284,115,274,2025-12-11,55899.72
PRD00344,WH002,Mumbai,235,85,236,2025-12-15,46255.05
PRD00344,WH005,Chennai,311,90,171,2025-12-27,61214.13
PRD00345,WH001,Bangalore,457,102,282,2025-12-07,1942510.49
PRD00345,WH005,Chennai,816,76,189,2025-12-19,3468465.12
PRD00345,WH006,Kolkata,138,41,106,2025-12-07,586578.66
PRD00346,WH005,Chennai,460,40,147,2025-12-27,164808.8
PRD00346,WH006,Kolkata,382,61,239,2025-12-08,136862.96
PRD00346,WH001,Bangalore,133,22,108,2025-12-21,47651.24
PRD00346,WH008,Dubai,829,85,196,2025-12-17,297014.12
PRD00347,WH005,Chennai,755,78,116,2025-12-24,1183515.35
PRD00347,WH002,Mumbai,388,90,226,2025-12-28,608217.16
PRD00347,WH007,Bhubaneswar,140,64,154,2025-12-27,219459.8
PRD00347,WH001,Bangalore,254,47,120,2025-12-04,398162.78
PRD00348,WH006,Kolkata,83,118,241,2025-12-16,429090.91
PRD00348,WH004,Hyderabad,559,88,190,2025-12-07,2889901.43
PRD00349,WH008,Dubai,71,106,297,2025-12-22,452850.78
PRD00349,WH003,Delhi,864,71,182,2025-12-22,5510747.52
PRD00349,WH004,Hyderabad,162,66,160,2025-12-11,1033265.16
PRD00350,WH004,Hyderabad,703,55,275,2025-12-03,881020.69
PRD00350,WH008,Dubai,344,68,132,2025-12-09,431111.12
PRD00350,WH007,Bhubaneswar,805,26,112,2025-12-13,1008850.15
PRD00351,WH002,Mumbai,376,85,137,2025-12-13,2015653.28
PRD00351,WH003,Delhi,21,59,170,2025-12-12,112576.38
PRD00352,WH004,Hyderabad,893,110,95,2025-12-13,1478245.41
PRD00352,WH007,Bhubaneswar,401,71,224,2025-12-03,663803.37
PRD00353,WH004,Hyderabad,242,27,229,2025-12-30,98063.24
PRD00353,WH005,Chennai,807,75,150,2025-12-03,327012.54
PRD00353,WH003,Delhi,848,42,217,2025-12-30,343626.56
PRD00353,WH007,Bhubaneswar,597,53,208,2025-12-20,241916.34
PRD00353,WH002,Mumbai,446,48,194,2025-12-27,180728.12
PRD00354,WH005,Chennai,869,32,224,2025-12-23,28243177.82
PRD00354,WH002,Mumbai,396,96,274,2025-12-29,12870308.88
PRD00354,WH006,Kolkata,363,46,228,2025-12-20,11797783.14
PRD00355,WH001,Bangalore,665,103,235,2025-12-03,37698.85
PRD00355,WH006,Kolkata,34,36,166,2025-12-02,1927.46
PRD00355,WH003,Delhi,825,77,297,2025-12-04,46769.25
PRD00355,WH008,Dubai,101,45,206,2025-12-18,5725.69
PRD00356,WH004,Hyderabad,613,71,92,2025-12-17,1331809.93
PRD00356,WH008,Dubai,477,68,274,2025-12-29,1036334.97
PRD00356,WH002,Mumbai,32,79,126,2025-12-16,69523.52
PRD00357,WH006,Kolkata,669,73,184,2025-12-30,42031122.51
PRD00357,WH004,Hyderabad,679,44,86,2025-12-07,42659390.41
PRD00358,WH008,Dubai,350,63,168,2025-12-07,2749582.5
PRD00358,WH006,Kolkata,519,105,263,2025-12-17,4077238.05
PRD00358,WH002,Mumbai,835,67,174,2025-12-24,6559718.25
PRD00359,WH006,Kolkata,111,110,242,2025-12-24,51990.18
PRD00359,WH005,Chennai,140,56,189,2025-12-12,65573.2
PRD00359,WH007,Bhubaneswar,663,42,226,2025-12-15,310535.94
PRD00359,WH004,Hyderabad,252,97,60,2025-12-24,118031.76
PRD00360,WH008,Dubai,0,110,92,2025-12-10,0.0
PRD00360,WH001,Bangalore,559,60,118,2025-12-09,1053988.91
PRD00360,WH004,Hyderabad,854,111,87,2025-12-20,1610208.46
PRD00360,WH006,Kolkata,424,23,106,2025-12-24,799447.76
PRD00360,WH003,Delhi,863,30,172,2025-12-13,1627177.87
PRD00361,WH004,Hyderabad,229,96,250,2025-12-10,490998.9
PRD00361,WH003,Delhi,258,90,193,2025-12-20,553177.8
PRD00361,WH002,Mumbai,631,38,122,2025-12-01,1352927.1
PRD00362,WH007,Bhubaneswar,60,68,104,2025-12-03,5402707.8
PRD00362,WH008,Dubai,340,97,257,2025-12-02,30615344.2
PRD00362,WH005,Chennai,816,56,125,2025-12-29,73476826.08
PRD00362,WH001,Bangalore,553,31,149,2025-12-15,49794956.89
PRD00362,WH006,Kolkata,168,73,81,2025-12-21,15127581.84
PRD00363,WH001,Bangalore,793,111,258,2025-12-18,13062993.84
PRD00363,WH006,Kolkata,74,76,56,2025-12-21,1218993.12
PRD00363,WH002,Mumbai,477,99,243,2025-12-04,7857563.76
PRD00364,WH005,Chennai,514,101,274,2025-12-31,19663799.88
PRD00364,WH001,Bangalore,469,84,64,2025-12-23,17942260.98
PRD00364,WH003,Delhi,176,109,70,2025-12-02,6733129.92
PRD00364,WH004,Hyderabad,366,32,84,2025-12-26,14001849.72
PRD00365,WH003,Delhi,113,114,92,2025-12-28,167383.51
PRD00365,WH004,Hyderabad,588,92,72,2025-12-26,870986.76
PRD00365,WH007,Bhubaneswar,139,49,289,2025-12-17,205896.53
PRD00365,WH006,Kolkata,9,81,272,2025-12-30,13331.43
PRD00365,WH002,Mumbai,273,21,50,2025-12-25,404386.71
PRD00366,WH004,Hyderabad,849,66,133,2025-12-14,217615.68
PRD00366,WH001,Bangalore,20,65,110,2025-12-22,5126.4
PRD00366,WH002,Mumbai,899,112,201,2025-12-06,230431.68
PRD00366,WH006,Kolkata,182,56,98,2025-12-08,46650.24
PRD00366,WH005,Chennai,717,64,159,2025-12-08,183781.44
PRD00367,WH001,Bangalore,124,102,82,2025-12-15,374291.52
PRD00367,WH006,Kolkata,345,45,159,2025-12-31,1041375.6
PRD00367,WH003,Delhi,78,88,88,2025-12-29,235441.44
PRD00368,WH008,Dubai,194,31,227,2025-12-07,610558.74
PRD00368,WH001,Bangalore,425,37,126,2025-12-29,1337564.25
PRD00368,WH006,Kolkata,158,27,68,2025-12-14,497259.18
PRD00368,WH002,Mumbai,629,32,226,2025-12-17,1979595.09
PRD00369,WH003,Delhi,726,25,59,2025-12-20,1303525.74
PRD00369,WH006,Kolkata,564,27,140,2025-12-16,1012656.36
PRD00369,WH008,Dubai,292,22,172,2025-12-19,524283.08
PRD00369,WH004,Hyderabad,292,49,95,2025-12-23,524283.08
PRD00370,WH008,Dubai,733,118,204,2025-12-23,572399.7
PRD00370,WH003,Delhi,481,78,213,2025-12-31,375612.9
PRD00370,WH007,Bhubaneswar,5,89,207,2025-12-29,3904.5
PRD00370,WH005,Chennai,497,65,112,2025-12-29,388107.3
PRD00370,WH002,Mumbai,348,29,245,2025-12-06,271753.2
PRD00371,WH008,Dubai,824,104,150,2025-12-16,2168339.52
PRD00371,WH002,Mumbai,410,36,106,2025-12-18,1078906.8
PRD00371,WH003,Delhi,733,106,157,2025-12-20,1928874.84
PRD00371,WH005,Chennai,789,52,192,2025-12-24,2076237.72
PRD00371,WH006,Kolkata,76,22,109,2025-12-19,199992.48
PRD00372,WH001,Bangalore,195,59,56,2025-12-14,12481419.6
PRD00372,WH006,Kolkata,123,59,297,2025-12-23,7872895.44
PRD00373,WH006,Kolkata,594,59,86,2025-12-16,4513705.02
PRD00373,WH003,Delhi,549,54,145,2025-12-28,4171757.67
PRD00373,WH005,Chennai,839,106,283,2025-12-02,6375418.37
PRD00373,WH002,Mumbai,250,45,52,2025-12-24,1899707.5
PRD00373,WH004,Hyderabad,76,68,236,2025-12-17,577511.08
PRD00374,WH005,Chennai,618,32,278,2025-12-17,1898285.88
PRD00374,WH002,Mumbai,300,82,71,2025-12-25,921498.0
PRD00374,WH003,Delhi,509,63,281,2025-12-22,1563474.94
PRD00374,WH008,Dubai,43,94,190,2025-12-12,132081.38
PRD00374,WH007,Bhubaneswar,739,71,169,2025-12-26,2269956.74
PRD00375,WH005,Chennai,290,20,139,2025-12-22,767050.0
PRD00375,WH007,Bhubaneswar,538,100,111,2025-12-24,1423010.0
PRD00375,WH001,Bangalore,313,119,70,2025-12-07,827885.0
PRD00375,WH004,Hyderabad,282,84,214,2025-12-04,745890.0
PRD00375,WH002,Mumbai,788,40,136,2025-12-24,2084260.0
PRD00376,WH001,Bangalore,571,61,84,2025-12-20,423042.48
PRD00376,WH005,Chennai,120,44,187,2025-12-24,88905.6
PRD00376,WH004,Hyderabad,588,22,61,2025-12-02,435637.44
PRD00377,WH001,Bangalore,246,75,256,2025-12-11,184347.48
PRD00377,WH002,Mumbai,296,52,206,2025-12-26,221816.48
PRD00377,WH004,Hyderabad,417,98,186,2025-12-11,312491.46
PRD00377,WH008,Dubai,382,65,88,2025-12-21,286263.16
PRD00378,WH003,Delhi,745,61,249,2025-12-17,331726.15
PRD00378,WH006,Kolkata,28,57,79,2025-12-26,12467.56
PRD00378,WH004,Hyderabad,364,100,245,2025-12-15,162078.28
PRD00378,WH007,Bhubaneswar,368,114,159,2025-12-10,163859.36
PRD00378,WH001,Bangalore,31,32,103,2025-12-06,13803.37
PRD00379,WH005,Chennai,791,28,155,2025-12-01,30274140.75
PRD00379,WH004,Hyderabad,685,112,55,2025-12-28,26217176.25
PRD00380,WH006,Kolkata,390,24,295,2025-12-20,1907189.7
PRD00380,WH008,Dubai,386,116,123,2025-12-13,1887628.78
PRD00380,WH001,Bangalore,312,55,247,2025-12-08,1525751.76
PRD00380,WH004,Hyderabad,610,51,128,2025-12-18,2983040.3
PRD00380,WH007,Bhubaneswar,217,104,264,2025-12-23,1061179.91
PRD00381,WH007,Bhubaneswar,893,49,200,2025-12-31,668222.97
PRD00381,WH008,Dubai,756,104,126,2025-12-14,565707.24
PRD00382,WH008,Dubai,94,99,66,2025-12-22,101014.28
PRD00382,WH001,Bangalore,341,51,294,2025-12-12,366445.42
PRD00383,WH001,Bangalore,1,110,272,2025-12-31,986.66
PRD00383,WH007,Bhubaneswar,29,107,254,2025-12-11,28613.14
PRD00383,WH005,Chennai,395,59,227,2025-12-16,389730.7
PRD00383,WH004,Hyderabad,654,76,167,2025-12-21,645275.64
PRD00384,WH002,Mumbai,48,51,284,2025-12-24,68495.52
PRD00384,WH004,Hyderabad,754,84,142,2025-12-05,1075950.46
PRD00384,WH003,Delhi,174,25,193,2025-12-03,248296.26
PRD00384,WH006,Kolkata,397,60,81,2025-12-10,566515.03
PRD00384,WH001,Bangalore,728,92,267,2025-12-25,1038848.72
PRD00385,WH001,Bangalore,218,44,63,2025-12-14,253778.16
PRD00385,WH006,Kolkata,364,73,222,2025-12-23,423739.68
PRD00386,WH006,Kolkata,770,92,200,2025-12-10,2769713.1
PRD00386,WH008,Dubai,731,59,70,2025-12-21,2629428.93
PRD00386,WH001,Bangalore,817,69,71,2025-12-23,2938773.51
PRD00386,WH002,Mumbai,658,89,203,2025-12-20,2366845.74
PRD00386,WH004,Hyderabad,95,66,242,2025-12-01,341717.85
PRD00387,WH001,Bangalore,137,59,146,2025-12-08,7528206.17
PRD00387,WH007,Bhubaneswar,845,64,286,2025-12-27,46433096.45
PRD00388,WH004,Hyderabad,657,96,210,2025-12-22,306056.88
PRD00388,WH008,Dubai,892,46,227,2025-12-26,415529.28
PRD00388,WH005,Chennai,545,77,70,2025-12-24,253882.8
PRD00388,WH007,Bhubaneswar,608,57,177,2025-12-24,283230.72
PRD00388,WH001,Bangalore,297,120,188,2025-12-25,138354.48
PRD00389,WH001,Bangalore,377,46,262,2025-12-22,30848288.9
PRD00389,WH008,Dubai,143,85,143,2025-12-07,11701075.1
PRD00389,WH005,Chennai,598,39,244,2025-12-15,48931768.6
PRD00390,WH004,Hyderabad,604,39,272,2025-12-24,2405895.08
PRD00390,WH006,Kolkata,830,28,284,2025-12-02,3306114.1
PRD00390,WH002,Mumbai,622,65,137,2025-12-28,2477593.94
PRD00390,WH001,Bangalore,250,118,165,2025-12-15,995817.5
PRD00391,WH001,Bangalore,595,67,68,2025-12-22,58875.25
PRD00391,WH005,Chennai,590,32,113,2025-12-24,58380.5
PRD00391,WH002,Mumbai,88,113,256,2025-12-02,8707.6
PRD00392,WH001,Bangalore,273,97,246,2025-12-28,5856076.59
PRD00392,WH002,Mumbai,437,53,52,2025-12-06,9374012.71
PRD00392,WH007,Bhubaneswar,162,44,289,2025-12-22,3475034.46
PRD00393,WH006,Kolkata,126,41,233,2025-12-29,472111.92
PRD00393,WH001,Bangalore,326,103,280,2025-12-18,1221495.92
PRD00393,WH005,Chennai,381,99,243,2025-12-28,1427576.52
PRD00393,WH007,Bhubaneswar,642,103,236,2025-12-09,2405522.64
PRD00394,WH001,Bangalore,851,107,265,2025-12-12,216196.55
PRD00394,WH007,Bhubaneswar,518,118,275,2025-12-30,131597.9
PRD00394,WH006,Kolkata,880,33,162,2025-12-14,223564.0
PRD00394,WH002,Mumbai,76,115,243,2025-12-21,19307.8
PRD00395,WH004,Hyderabad,554,78,245,2025-12-12,124373.0
PRD00395,WH001,Bangalore,376,120,88,2025-12-03,84412.0
PRD00396,WH004,Hyderabad,234,70,76,2025-12-04,1798931.16
PRD00396,WH002,Mumbai,829,28,57,2025-12-15,6373136.46
PRD00396,WH005,Chennai,394,110,178,2025-12-12,3028969.56
PRD00396,WH007,Bhubaneswar,604,99,80,2025-12-01,4643394.96
PRD00397,WH006,Kolkata,479,58,290,2025-12-01,14530618.28
PRD00397,WH001,Bangalore,43,118,124,2025-12-30,1304418.76
PRD00397,WH007,Bhubaneswar,127,115,289,2025-12-02,3852585.64
PRD00397,WH002,Mumbai,324,41,139,2025-12-10,9828643.68
PRD00397,WH003,Delhi,832,54,102,2025-12-25,25238986.24
PRD00398,WH004,Hyderabad,867,54,136,2025-12-12,1541595.36
PRD00398,WH002,Mumbai,197,89,108,2025-12-04,350281.76
PRD00398,WH003,Delhi,860,107,85,2025-12-19,1529148.8
PRD00399,WH001,Bangalore,745,27,281,2025-12-21,825303.55
PRD00399,WH002,Mumbai,790,37,85,2025-12-30,875154.1
PRD00399,WH004,Hyderabad,382,20,50,2025-12-14,423175.78
PRD00400,WH005,Chennai,738,45,171,2025-12-30,2484432.72
PRD00400,WH004,Hyderabad,482,42,186,2025-12-14,1622624.08
PRD00401,WH006,Kolkata,207,49,130,2025-12-19,2086456.5
PRD00401,WH008,Dubai,385,51,136,2025-12-08,3880607.5
PRD00401,WH001,Bangalore,868,116,217,2025-12-17,8749006.0
PRD00402,WH008,Dubai,237,96,207,2025-12-22,6893666.4
PRD00402,WH001,Bangalore,121,102,136,2025-12-04,3519551.2
PRD00403,WH003,Delhi,597,72,92,2025-12-28,6000841.02
PRD00403,WH001,Bangalore,331,71,94,2025-12-29,3327099.46
PRD00403,WH008,Dubai,794,45,259,2025-12-25,7981018.04
PRD00403,WH004,Hyderabad,294,41,272,2025-12-01,2955188.04
PRD00404,WH001,Bangalore,693,88,280,2025-12-08,2000649.42
PRD00404,WH008,Dubai,560,51,280,2025-12-27,1616686.4
PRD00404,WH007,Bhubaneswar,829,23,300,2025-12-13,2393273.26
PRD00405,WH002,Mumbai,883,33,82,2025-12-02,16096613.18
PRD00405,WH003,Delhi,634,98,182,2025-12-30,11557477.64
PRD00406,WH002,Mumbai,454,46,155,2025-12-25,1448564.18
PRD00406,WH004,Hyderabad,45,86,116,2025-12-17,143580.15
PRD00407,WH004,Hyderabad,272,80,84,2025-12-22,5834620.32
PRD00407,WH008,Dubai,669,89,174,2025-12-02,14350591.89
PRD00407,WH002,Mumbai,104,113,91,2025-12-24,2230884.24
PRD00407,WH007,Bhubaneswar,678,50,226,2025-12-13,14543649.18
PRD00408,WH005,Chennai,276,93,300,2025-12-20,384779.88
PRD00408,WH001,Bangalore,264,39,262,2025-12-06,368050.32
PRD00408,WH003,Delhi,625,89,275,2025-12-10,871331.25
PRD00408,WH007,Bhubaneswar,515,86,271,2025-12-11,717976.95
PRD00408,WH008,Dubai,397,36,266,2025-12-03,553469.61
PRD00409,WH003,Delhi,377,69,100,2025-12-10,10575901.83
PRD00409,WH001,Bangalore,798,75,164,2025-12-15,22386126.42
PRD00409,WH007,Bhubaneswar,384,94,295,2025-12-19,10772271.36
PRD00410,WH008,Dubai,202,113,124,2025-12-21,323981.74
PRD00410,WH002,Mumbai,449,97,122,2025-12-02,720137.63
PRD00410,WH003,Delhi,30,115,134,2025-12-09,48116.1
PRD00410,WH006,Kolkata,174,84,158,2025-12-07,279073.38
PRD00410,WH001,Bangalore,844,31,261,2025-12-31,1353666.28
PRD00411,WH001,Bangalore,521,118,156,2025-12-30,1809912.32
PRD00411,WH005,Chennai,374,59,194,2025-12-26,1299246.08
PRD00412,WH004,Hyderabad,140,42,242,2025-12-12,138103.0
PRD00412,WH006,Kolkata,28,96,96,2025-12-04,27620.6
PRD00412,WH008,Dubai,402,65,164,2025-12-27,396552.9
PRD00412,WH005,Chennai,414,110,107,2025-12-11,408390.3
PRD00413,WH006,Kolkata,51,22,200,2025-12-16,92867.43
PRD00413,WH008,Dubai,735,65,272,2025-12-19,1338383.55
PRD00414,WH008,Dubai,599,22,262,2025-12-09,1055467.95
PRD00414,WH003,Delhi,855,59,214,2025-12-16,1506552.75
PRD00414,WH006,Kolkata,389,116,223,2025-12-18,685437.45
PRD00414,WH004,Hyderabad,865,111,98,2025-12-03,1524173.25
PRD00414,WH002,Mumbai,177,59,80,2025-12-17,311882.85
PRD00415,WH008,Dubai,843,93,261,2025-12-04,916492.74
PRD00415,WH003,Delhi,780,117,263,2025-12-27,848000.4
PRD00416,WH002,Mumbai,316,50,74,2025-12-07,372529.24
PRD00416,WH006,Kolkata,364,69,240,2025-12-15,429115.96
PRD00416,WH007,Bhubaneswar,420,91,118,2025-12-08,495133.8
PRD00417,WH006,Kolkata,521,95,179,2025-12-31,336930.7
PRD00417,WH004,Hyderabad,8,72,240,2025-12-20,5173.6
PRD00417,WH003,Delhi,767,73,200,2025-12-09,496018.9
PRD00417,WH001,Bangalore,122,106,57,2025-12-15,78897.4
PRD00417,WH002,Mumbai,555,99,209,2025-12-05,358918.5
PRD00418,WH005,Chennai,2,56,62,2025-12-19,7838.46
PRD00418,WH001,Bangalore,623,41,186,2025-12-09,2441680.29
PRD00418,WH003,Delhi,72,115,164,2025-12-14,282184.56
PRD00418,WH007,Bhubaneswar,650,98,228,2025-12-01,2547499.5
PRD00418,WH008,Dubai,574,36,203,2025-12-09,2249638.02
PRD00419,WH007,Bhubaneswar,98,55,182,2025-12-18,4866337.0
PRD00419,WH008,Dubai,501,103,212,2025-12-24,24877906.5
PRD00419,WH004,Hyderabad,303,103,134,2025-12-22,15045919.5
PRD00419,WH006,Kolkata,455,37,269,2025-12-15,22593707.5
PRD00419,WH002,Mumbai,720,91,135,2025-12-01,35752680.0
PRD00420,WH001,Bangalore,65,89,60,2025-12-17,3649371.7
PRD00420,WH007,Bhubaneswar,639,89,99,2025-12-02,35876131.02
PRD00421,WH008,Dubai,344,31,83,2025-12-14,378210.8
PRD00421,WH006,Kolkata,87,111,173,2025-12-30,95652.15
PRD00421,WH007,Bhubaneswar,63,76,227,2025-12-10,69265.35
PRD00422,WH004,Hyderabad,200,63,182,2025-12-18,411480.0
PRD00422,WH005,Chennai,604,62,152,2025-12-17,1242669.6
PRD00423,WH003,Delhi,653,33,175,2025-12-19,286921.67
PRD00423,WH005,Chennai,540,40,53,2025-12-14,237270.6
PRD00423,WH006,Kolkata,503,44,250,2025-12-21,221013.17
PRD00424,WH007,Bhubaneswar,450,41,175,2025-12-31,5985904.5
PRD00424,WH004,Hyderabad,471,41,213,2025-12-09,6265246.71
PRD00425,WH001,Bangalore,298,109,91,2025-12-26,21843146.7
PRD00425,WH008,Dubai,234,62,245,2025-12-07,17152001.1
PRD00426,WH005,Chennai,644,28,214,2025-12-27,1283324.56
PRD00426,WH003,Delhi,485,27,198,2025-12-11,966478.9
PRD00426,WH006,Kolkata,634,113,289,2025-12-12,1263397.16
PRD00427,WH005,Chennai,52,96,163,2025-12-30,116688.52
PRD00427,WH004,Hyderabad,833,55,146,2025-12-20,1869260.33
PRD00427,WH002,Mumbai,855,118,83,2025-12-28,1918628.55
PRD00427,WH001,Bangalore,506,86,193,2025-12-19,1135469.06
PRD00428,WH007,Bhubaneswar,841,21,209,2025-12-03,1322245.43
PRD00428,WH001,Bangalore,488,112,218,2025-12-24,767248.24
PRD00428,WH006,Kolkata,150,50,278,2025-12-10,235834.5
PRD00429,WH004,Hyderabad,739,116,90,2025-12-10,955696.97
PRD00429,WH003,Delhi,55,39,157,2025-12-21,71127.65
PRD00429,WH002,Mumbai,357,51,194,2025-12-30,461683.11
PRD00429,WH007,Bhubaneswar,63,110,203,2025-12-03,81473.49
PRD00429,WH008,Dubai,472,109,159,2025-12-23,610404.56
PRD00430,WH005,Chennai,587,99,204,2025-12-21,325526.72
PRD00430,WH006,Kolkata,623,47,112,2025-12-12,345490.88
PRD00430,WH002,Mumbai,53,103,285,2025-12-24,29391.68
PRD00430,WH007,Bhubaneswar,865,52,247,2025-12-25,479694.4
PRD00430,WH008,Dubai,740,48,215,2025-12-09,410374.4
PRD00431,WH007,Bhubaneswar,744,61,207,2025-12-07,68385920.64
PRD00431,WH001,Bangalore,352,31,161,2025-12-07,32354629.12
PRD00432,WH003,Delhi,100,49,295,2025-12-11,97306.0
PRD00432,WH001,Bangalore,22,88,267,2025-12-08,21407.32
PRD00432,WH006,Kolkata,688,38,208,2025-12-06,669465.28
PRD00433,WH004,Hyderabad,155,56,66,2025-12-17,10020675.6
PRD00433,WH005,Chennai,95,112,246,2025-12-10,6141704.4
PRD00433,WH002,Mumbai,690,119,141,2025-12-20,44608168.8
PRD00433,WH007,Bhubaneswar,792,95,273,2025-12-25,51202419.84
PRD00434,WH008,Dubai,255,74,89,2025-12-29,1995441.3
PRD00434,WH002,Mumbai,67,31,220,2025-12-11,524292.42
PRD00434,WH005,Chennai,204,61,122,2025-12-05,1596353.04
PRD00435,WH007,Bhubaneswar,162,107,225,2025-12-19,1634988.24
PRD00435,WH008,Dubai,650,88,256,2025-12-29,6560138.0
PRD00435,WH001,Bangalore,97,114,156,2025-12-04,978974.44
PRD00435,WH004,Hyderabad,335,103,58,2025-12-27,3380994.2
PRD00435,WH002,Mumbai,193,79,86,2025-12-06,1947856.36
PRD00436,WH001,Bangalore,897,74,153,2025-12-04,991283.67
PRD00436,WH006,Kolkata,175,91,179,2025-12-10,193394.25
PRD00436,WH007,Bhubaneswar,545,94,157,2025-12-13,602284.95
PRD00437,WH008,Dubai,215,21,201,2025-12-23,328973.65
PRD00437,WH006,Kolkata,83,49,87,2025-12-24,126999.13
PRD00438,WH007,Bhubaneswar,207,119,66,2025-12-09,1364693.04
PRD00438,WH003,Delhi,500,81,123,2025-12-16,3296360.0
PRD00438,WH001,Bangalore,602,78,65,2025-12-04,3968817.44
PRD00438,WH002,Mumbai,812,51,73,2025-12-23,5353288.64
PRD00438,WH004,Hyderabad,825,28,216,2025-12-09,5438994.0
PRD00439,WH004,Hyderabad,358,37,217,2025-12-30,485634.16
PRD00439,WH008,Dubai,614,64,93,2025-12-14,832903.28
PRD00439,WH007,Bhubaneswar,311,99,145,2025-12-09,421877.72
PRD00440,WH002,Mumbai,755,63,184,2025-12-10,14364765.9
PRD00440,WH008,Dubai,478,114,197,2025-12-24,9094514.04
PRD00440,WH001,Bangalore,524,27,183,2025-12-29,9969718.32
PRD00440,WH003,Delhi,672,24,215,2025-12-14,12785592.96
PRD00441,WH005,Chennai,124,41,245,2025-12-24,60482.24
PRD00441,WH003,Delhi,619,43,296,2025-12-14,301923.44
PRD00441,WH001,Bangalore,811,94,75,2025-12-29,395573.36
PRD00442,WH002,Mumbai,442,76,115,2025-12-18,41481854.7
PRD00442,WH003,Delhi,729,52,180,2025-12-05,68416905.15
PRD00442,WH005,Chennai,168,74,256,2025-12-01,15766858.8
PRD00443,WH002,Mumbai,480,69,111,2025-12-05,13052529.6
PRD00443,WH005,Chennai,155,104,216,2025-12-29,4214879.35
PRD00443,WH003,Delhi,24,45,180,2025-12-11,652626.48
PRD00443,WH004,Hyderabad,872,90,219,2025-12-06,23712095.44
PRD00443,WH001,Bangalore,9,24,172,2025-12-21,244734.93
PRD00444,WH001,Bangalore,117,60,141,2025-12-26,466879.14
PRD00444,WH004,Hyderabad,186,95,92,2025-12-22,742218.12
PRD00444,WH006,Kolkata,520,106,236,2025-12-13,2075018.4
PRD00444,WH002,Mumbai,95,57,120,2025-12-11,379089.9
PRD00444,WH008,Dubai,653,20,100,2025-12-18,2605744.26
PRD00445,WH008,Dubai,374,39,231,2025-12-12,604447.58
PRD00445,WH003,Delhi,640,99,70,2025-12-07,1034348.8
PRD00446,WH006,Kolkata,735,57,172,2025-12-31,1774635.45
PRD00446,WH001,Bangalore,647,80,74,2025-12-06,1562162.09
PRD00446,WH005,Chennai,475,30,253,2025-12-30,1146873.25
PRD00447,WH003,Delhi,386,32,145,2025-12-17,830938.34
PRD00447,WH006,Kolkata,92,32,221,2025-12-14,198047.48
PRD00447,WH005,Chennai,536,58,291,2025-12-31,1153841.84
PRD00447,WH002,Mumbai,406,45,52,2025-12-30,873992.14
PRD00447,WH004,Hyderabad,367,96,243,2025-12-19,790037.23
PRD00448,WH006,Kolkata,693,50,214,2025-12-22,1281544.11
PRD00448,WH008,Dubai,60,32,75,2025-12-24,110956.2
PRD00448,WH007,Bhubaneswar,404,81,100,2025-12-05,747105.08
PRD00449,WH007,Bhubaneswar,430,72,127,2025-12-01,793642.4
PRD00449,WH008,Dubai,405,33,125,2025-12-10,747500.4
PRD00449,WH003,Delhi,322,53,292,2025-12-09,594308.96
PRD00449,WH006,Kolkata,888,56,86,2025-12-13,1638963.84
PRD00449,WH002,Mumbai,747,68,54,2025-12-18,1378722.96
PRD00450,WH001,Bangalore,482,113,284,2025-12-28,1484511.8
PRD00450,WH007,Bhubaneswar,191,20,247,2025-12-27,588260.9
PRD00450,WH005,Chennai,208,114,180,2025-12-19,640619.2
PRD00450,WH008,Dubai,864,55,88,2025-12-06,2661033.6
PRD00450,WH002,Mumbai,305,86,227,2025-12-11,939369.5
PRD00451,WH002,Mumbai,54,55,264,2025-12-31,582074.1
PRD00451,WH006,Kolkata,837,119,51,2025-12-03,9022148.55
PRD00452,WH008,Dubai,323,117,66,2025-12-13,1041303.55
PRD00452,WH004,Hyderabad,678,36,70,2025-12-01,2185770.3
PRD00452,WH002,Mumbai,696,51,258,2025-12-03,2243799.6
PRD00453,WH005,Chennai,898,108,135,2025-12-21,4177011.08
PRD00453,WH006,Kolkata,476,58,168,2025-12-03,2214094.96
PRD00453,WH008,Dubai,645,97,59,2025-12-21,3000191.7
PRD00454,WH002,Mumbai,98,71,167,2025-12-24,254786.28
PRD00454,WH008,Dubai,162,55,212,2025-12-22,421177.32
PRD00455,WH006,Kolkata,133,36,98,2025-12-02,39153.87
PRD00455,WH008,Dubai,398,95,258,2025-12-19,117167.22
PRD00455,WH001,Bangalore,839,59,110,2025-12-24,246993.21
PRD00455,WH007,Bhubaneswar,532,76,154,2025-12-12,156615.48
PRD00455,WH004,Hyderabad,338,71,202,2025-12-04,99503.82
PRD00456,WH001,Bangalore,281,88,205,2025-12-16,767335.13
PRD00456,WH002,Mumbai,719,111,245,2025-12-30,1963394.87
PRD00457,WH001,Bangalore,649,68,297,2025-12-23,1437943.87
PRD00457,WH006,Kolkata,363,43,83,2025-12-23,804273.69
PRD00457,WH005,Chennai,674,85,184,2025-12-17,1493334.62
PRD00457,WH004,Hyderabad,489,104,171,2025-12-11,1083443.07
PRD00457,WH008,Dubai,383,107,189,2025-12-01,848586.29
PRD00458,WH002,Mumbai,80,79,227,2025-12-25,438498.4
PRD00458,WH003,Delhi,679,35,126,2025-12-09,3721755.17
PRD00458,WH004,Hyderabad,538,108,53,2025-12-15,2948901.74
PRD00458,WH001,Bangalore,838,49,243,2025-12-13,4593270.74
PRD00458,WH005,Chennai,586,76,131,2025-12-05,3212000.78
PRD00459,WH003,Delhi,151,90,288,2025-12-19,816437.37
PRD00459,WH007,Bhubaneswar,199,30,100,2025-12-01,1075967.13
PRD00459,WH005,Chennai,726,83,248,2025-12-11,3925387.62
PRD00459,WH006,Kolkata,763,38,215,2025-12-04,4125441.81
PRD00460,WH001,Bangalore,92,52,82,2025-12-09,80645.36
PRD00460,WH002,Mumbai,74,52,104,2025-12-10,64866.92
PRD00460,WH003,Delhi,525,86,67,2025-12-31,460204.5
PRD00460,WH005,Chennai,228,76,82,2025-12-12,199860.24
PRD00461,WH001,Bangalore,279,49,93,2025-12-04,996624.27
PRD00461,WH007,Bhubaneswar,648,99,189,2025-12-23,2314740.24
PRD00461,WH008,Dubai,271,104,92,2025-12-13,968047.23
PRD00461,WH005,Chennai,88,26,151,2025-12-28,314347.44
PRD00462,WH006,Kolkata,730,111,272,2025-12-13,2592368.7
PRD00462,WH002,Mumbai,397,75,74,2025-12-05,1409822.43
PRD00462,WH008,Dubai,77,70,256,2025-12-11,273441.63
PRD00462,WH004,Hyderabad,269,74,107,2025-12-29,955270.11
PRD00463,WH008,Dubai,363,26,230,2025-12-01,79115.85
PRD00463,WH003,Delhi,258,48,90,2025-12-18,56231.1
PRD00463,WH007,Bhubaneswar,861,87,249,2025-12-01,187654.95
PRD00463,WH006,Kolkata,681,88,127,2025-12-11,148423.95
PRD00463,WH002,Mumbai,567,91,211,2025-12-25,123577.65
PRD00464,WH003,Delhi,471,119,298,2025-12-18,3953380.89
PRD00464,WH006,Kolkata,600,118,156,2025-12-18,5036154.0
PRD00464,WH005,Chennai,617,77,269,2025-12-04,5178845.03
PRD00464,WH002,Mumbai,394,100,152,2025-12-08,3307074.46
PRD00464,WH008,Dubai,628,99,85,2025-12-08,5271174.52
PRD00465,WH007,Bhubaneswar,655,35,249,2025-12-26,383961.0
PRD00465,WH004,Hyderabad,191,37,242,2025-12-05,111964.2
PRD00465,WH002,Mumbai,346,103,104,2025-12-05,202825.2
PRD00465,WH003,Delhi,559,37,265,2025-12-21,327685.8
PRD00466,WH003,Delhi,468,57,237,2025-12-29,127909.08
PRD00466,WH007,Bhubaneswar,176,73,227,2025-12-17,48102.56
PRD00466,WH008,Dubai,301,39,98,2025-12-24,82266.31
PRD00467,WH006,Kolkata,8,63,218,2025-12-24,19136.0
PRD00467,WH007,Bhubaneswar,684,116,184,2025-12-17,1636128.0
PRD00467,WH001,Bangalore,871,20,166,2025-12-22,2083432.0
PRD00468,WH007,Bhubaneswar,390,34,64,2025-12-14,141390.6
PRD00468,WH005,Chennai,605,55,281,2025-12-21,219336.7
PRD00468,WH004,Hyderabad,488,60,269,2025-12-15,176919.52
PRD00469,WH007,Bhubaneswar,845,56,291,2025-12-05,1896644.75
PRD00469,WH003,Delhi,803,114,165,2025-12-20,1802373.65
PRD00469,WH001,Bangalore,625,95,103,2025-12-17,1402843.75
PRD00469,WH006,Kolkata,583,99,141,2025-12-06,1308572.65
PRD00470,WH004,Hyderabad,179,104,169,2025-12-27,518584.48
PRD00470,WH008,Dubai,277,83,113,2025-12-09,802502.24
PRD00470,WH002,Mumbai,30,52,282,2025-12-09,86913.6
PRD00470,WH007,Bhubaneswar,783,64,127,2025-12-29,2268444.96
PRD00471,WH008,Dubai,249,108,215,2025-12-06,215721.15
PRD00471,WH003,Delhi,27,113,243,2025-12-06,23391.45
PRD00471,WH005,Chennai,426,118,271,2025-12-29,369065.1
PRD00471,WH002,Mumbai,167,75,117,2025-12-30,144680.45
PRD00471,WH006,Kolkata,716,23,181,2025-12-03,620306.6
PRD00472,WH003,Delhi,574,66,91,2025-12-12,240362.5
PRD00472,WH004,Hyderabad,508,39,123,2025-12-20,212725.0
PRD00472,WH008,Dubai,393,28,229,2025-12-19,164568.75
PRD00472,WH001,Bangalore,613,114,277,2025-12-16,256693.75
PRD00472,WH002,Mumbai,293,56,262,2025-12-25,122693.75
PRD00473,WH004,Hyderabad,896,64,175,2025-12-15,4496817.92
PRD00473,WH006,Kolkata,393,47,70,2025-12-22,1972376.61
PRD00473,WH002,Mumbai,760,117,211,2025-12-30,3814265.2
PRD00473,WH001,Bangalore,606,81,298,2025-12-03,3041374.62
PRD00473,WH005,Chennai,164,103,104,2025-12-10,823078.28
PRD00474,WH007,Bhubaneswar,4,34,50,2025-12-22,3354.52
PRD00474,WH005,Chennai,770,60,145,2025-12-30,645745.1
PRD00474,WH008,Dubai,459,58,241,2025-12-30,384931.17
PRD00474,WH001,Bangalore,601,105,161,2025-12-12,504016.63
PRD00474,WH006,Kolkata,139,33,199,2025-12-20,116569.57
PRD00475,WH006,Kolkata,621,77,120,2025-12-26,34465810.5
PRD00475,WH003,Delhi,4,81,202,2025-12-11,222002.0
PRD00475,WH007,Bhubaneswar,424,21,233,2025-12-21,23532212.0
PRD00476,WH007,Bhubaneswar,410,45,268,2025-12-16,2175009.0
PRD00476,WH005,Chennai,131,55,282,2025-12-15,694941.9
PRD00476,WH006,Kolkata,81,38,95,2025-12-08,429696.9
PRD00476,WH001,Bangalore,895,116,111,2025-12-30,4747885.5
PRD00477,WH005,Chennai,772,23,257,2025-12-08,20916112.52
PRD00477,WH007,Bhubaneswar,804,91,84,2025-12-13,21783101.64
PRD00477,WH001,Bangalore,220,83,277,2025-12-08,5960550.2
PRD00477,WH003,Delhi,76,50,258,2025-12-19,2059099.16
PRD00477,WH004,Hyderabad,199,50,69,2025-12-01,5391588.59
PRD00478,WH005,Chennai,780,63,62,2025-12-03,4000269.0
PRD00478,WH008,Dubai,80,49,206,2025-12-26,410284.0
PRD00478,WH001,Bangalore,221,27,281,2025-12-27,1133409.55
PRD00479,WH008,Dubai,684,63,111,2025-12-12,5089028.4
PRD00479,WH004,Hyderabad,522,42,126,2025-12-12,3883732.2
PRD00479,WH005,Chennai,598,35,288,2025-12-30,4449179.8
PRD00480,WH007,Bhubaneswar,338,67,126,2025-12-03,1117901.2
PRD00480,WH008,Dubai,147,38,74,2025-12-20,486187.8
PRD00480,WH006,Kolkata,609,49,72,2025-12-24,2014206.6
PRD00480,WH001,Bangalore,788,92,176,2025-12-07,2606231.2
PRD00480,WH002,Mumbai,711,31,80,2025-12-05,2351561.4
PRD00481,WH001,Bangalore,314,67,153,2025-12-18,412633.68
PRD00481,WH006,Kolkata,416,66,191,2025-12-13,546673.92
PRD00481,WH008,Dubai,591,72,246,2025-12-24,776644.92
PRD00482,WH004,Hyderabad,582,28,120,2025-12-28,1662832.2
PRD00482,WH006,Kolkata,361,23,292,2025-12-14,1031413.1
PRD00482,WH005,Chennai,552,20,131,2025-12-28,1577119.2
PRD00483,WH001,Bangalore,659,88,125,2025-12-22,4821731.66
PRD00483,WH005,Chennai,733,32,280,2025-12-29,5363170.42
PRD00483,WH004,Hyderabad,561,71,106,2025-12-14,4104691.14
PRD00483,WH002,Mumbai,372,54,141,2025-12-02,2721827.28
PRD00484,WH003,Delhi,249,61,68,2025-12-20,2698637.1
PRD00484,WH002,Mumbai,609,105,73,2025-12-12,6600281.1
PRD00484,WH006,Kolkata,381,66,62,2025-12-05,4129239.9
PRD00484,WH008,Dubai,375,99,73,2025-12-08,4064212.5
PRD00484,WH001,Bangalore,768,34,269,2025-12-08,8323507.2
PRD00485,WH003,Delhi,143,91,206,2025-12-11,443252.81
PRD00485,WH007,Bhubaneswar,618,84,125,2025-12-16,1915596.06
PRD00485,WH008,Dubai,500,53,105,2025-12-17,1549835.0
PRD00486,WH008,Dubai,469,27,139,2025-12-17,3811126.83
PRD00486,WH007,Bhubaneswar,409,118,166,2025-12-11,3323562.63
PRD00486,WH005,Chennai,633,27,82,2025-12-09,5143802.31
PRD00487,WH001,Bangalore,186,25,117,2025-12-27,17698954.62
PRD00487,WH004,Hyderabad,452,23,232,2025-12-25,43010362.84
PRD00488,WH007,Bhubaneswar,20,32,249,2025-12-19,64964.0
PRD00488,WH001,Bangalore,60,89,280,2025-12-24,194892.0
PRD00489,WH003,Delhi,19,50,190,2025-12-29,40700.47
PRD00489,WH001,Bangalore,535,109,162,2025-12-02,1146039.55
PRD00489,WH008,Dubai,234,105,118,2025-12-12,501258.42
PRD00489,WH004,Hyderabad,107,114,55,2025-12-18,229207.91
PRD00489,WH005,Chennai,209,69,219,2025-12-11,447705.17
PRD00490,WH007,Bhubaneswar,446,38,291,2025-12-05,1227182.38
PRD00490,WH001,Bangalore,246,47,161,2025-12-02,676876.38
PRD00490,WH003,Delhi,546,113,207,2025-12-25,1502335.38
PRD00490,WH008,Dubai,34,45,72,2025-12-02,93552.02
PRD00491,WH003,Delhi,578,89,256,2025-12-06,680358.02
PRD00491,WH001,Bangalore,436,39,111,2025-12-29,513211.24
PRD00491,WH002,Mumbai,197,96,209,2025-12-21,231886.73
PRD00491,WH005,Chennai,760,41,162,2025-12-08,894588.4
PRD00492,WH005,Chennai,226,25,256,2025-12-03,587830.52
PRD00492,WH004,Hyderabad,56,84,85,2025-12-22,145657.12
PRD00493,WH006,Kolkata,729,84,53,2025-12-26,1564659.99
PRD00493,WH004,Hyderabad,392,65,70,2025-12-23,841353.52
PRD00494,WH001,Bangalore,314,101,87,2025-12-04,1353107.64
PRD00494,WH002,Mumbai,653,36,134,2025-12-13,2813946.78
PRD00494,WH003,Delhi,191,34,190,2025-12-30,823068.66
PRD00494,WH007,Bhubaneswar,315,116,85,2025-12-22,1357416.9
PRD00495,WH002,Mumbai,760,56,199,2025-12-15,271738.0
PRD00495,WH008,Dubai,314,59,79,2025-12-13,112270.7
PRD00495,WH005,Chennai,420,26,119,2025-12-10,150171.0
PRD00496,WH001,Bangalore,738,51,93,2025-12-21,1697650.92
PRD00496,WH002,Mumbai,602,79,83,2025-12-21,1384804.68
PRD00496,WH004,Hyderabad,173,23,221,2025-12-02,397958.82
PRD00496,WH008,Dubai,36,79,131,2025-12-03,82812.24
PRD00496,WH006,Kolkata,615,64,180,2025-12-25,1414709.1
PRD00497,WH002,Mumbai,7,112,175,2025-12-01,10600.87
PRD00497,WH007,Bhubaneswar,549,93,272,2025-12-08,831411.09
PRD00497,WH003,Delhi,667,100,187,2025-12-29,1010111.47
PRD00497,WH006,Kolkata,876,73,67,2025-12-06,1326623.16
PRD00498,WH006,Kolkata,442,83,246,2025-12-21,2315708.72
PRD00498,WH008,Dubai,416,107,117,2025-12-11,2179490.56
PRD00499,WH008,Dubai,509,41,168,2025-12-14,270070.31
PRD00499,WH007,Bhubaneswar,75,76,62,2025-12-19,39794.25
PRD00500,WH008,Dubai,797,98,96,2025-12-14,63288829.54
PRD00500,WH003,Delhi,490,35,96,2025-12-19,38910321.8
PRD00500,WH006,Kolkata,755,32,74,2025-12-23,59953659.1
PRD00500,WH007,Bhubaneswar,812,42,98,2025-12-14,64479961.84
PRD00501,WH002,Mumbai,235,108,123,2025-12-15,819308.7
PRD00501,WH006,Kolkata,746,95,190,2025-12-01,2600869.32
PRD00502,WH003,Delhi,413,93,54,2025-12-16,676588.99
PRD00502,WH008,Dubai,594,24,164,2025-12-17,973108.62
PRD00502,WH001,Bangalore,532,75,87,2025-12-25,871538.36
PRD00502,WH004,Hyderabad,313,59,273,2025-12-23,512765.99
PRD00503,WH002,Mumbai,353,49,266,2025-12-30,1322083.84
PRD00503,WH007,Bhubaneswar,834,95,226,2025-12-20,3123563.52
PRD00503,WH001,Bangalore,574,67,121,2025-12-25,2149790.72
PRD00503,WH004,Hyderabad,46,43,185,2025-12-23,172282.88
PRD00504,WH008,Dubai,371,44,81,2025-12-18,1676445.12
PRD00504,WH002,Mumbai,492,100,205,2025-12-22,2223210.24
PRD00505,WH006,Kolkata,877,61,203,2025-12-06,32780172.74
PRD00505,WH001,Bangalore,730,118,224,2025-12-29,27285662.6
PRD00505,WH004,Hyderabad,222,117,127,2025-12-10,8297831.64
PRD00506,WH008,Dubai,44,54,67,2025-12-31,91413.08
PRD00506,WH007,Bhubaneswar,715,31,210,2025-12-06,1485462.55
PRD00506,WH005,Chennai,380,74,76,2025-12-13,789476.6
PRD00506,WH002,Mumbai,261,21,216,2025-12-01,542245.77
PRD00507,WH008,Dubai,777,62,113,2025-12-12,978561.57
PRD00507,WH007,Bhubaneswar,753,29,162,2025-12-19,948335.73
PRD00507,WH004,Hyderabad,184,71,164,2025-12-10,231731.44
PRD00508,WH003,Delhi,827,106,139,2025-12-31,540196.4
PRD00508,WH004,Hyderabad,543,77,196,2025-12-10,354687.6
PRD00508,WH005,Chennai,357,89,195,2025-12-03,233192.4
PRD00508,WH007,Bhubaneswar,416,51,161,2025-12-31,271731.2
PRD00509,WH007,Bhubaneswar,598,116,159,2025-12-14,15602328.3
PRD00509,WH005,Chennai,626,89,175,2025-12-10,16332872.1
PRD00509,WH002,Mumbai,74,25,177,2025-12-09,1930722.9
PRD00509,WH004,Hyderabad,349,42,217,2025-12-29,9105706.65
PRD00510,WH006,Kolkata,195,92,104,2025-12-01,150276.75
PRD00510,WH008,Dubai,576,102,161,2025-12-31,443894.4
PRD00510,WH003,Delhi,501,88,127,2025-12-20,386095.65
PRD00510,WH001,Bangalore,558,23,277,2025-12-08,430022.7
PRD00511,WH004,Hyderabad,765,72,153,2025-12-29,1452398.4
PRD00511,WH007,Bhubaneswar,653,57,169,2025-12-13,1239759.68
PRD00511,WH005,Chennai,55,97,297,2025-12-19,104420.8
PRD00512,WH008,Dubai,603,69,252,2025-12-10,1640696.67
PRD00512,WH001,Bangalore,231,34,143,2025-12-23,628525.59
PRD00512,WH004,Hyderabad,141,23,83,2025-12-12,383645.49
PRD00513,WH008,Dubai,877,35,235,2025-12-21,497039.75
PRD00513,WH003,Delhi,864,47,297,2025-12-02,489672.0
PRD00513,WH007,Bhubaneswar,328,46,98,2025-12-03,185894.0
PRD00514,WH004,Hyderabad,230,96,51,2025-12-21,1820452.3
PRD00514,WH005,Chennai,146,28,256,2025-12-21,1155591.46
PRD00515,WH003,Delhi,644,39,269,2025-12-27,224112.0
PRD00515,WH004,Hyderabad,220,80,102,2025-12-28,76560.0
PRD00515,WH006,Kolkata,233,61,223,2025-12-24,81084.0
PRD00516,WH005,Chennai,345,80,70,2025-12-15,2538334.05
PRD00516,WH003,Delhi,837,37,290,2025-12-23,6158219.13
PRD00516,WH004,Hyderabad,303,70,197,2025-12-11,2229319.47
PRD00516,WH002,Mumbai,63,101,94,2025-12-20,463521.87
PRD00516,WH007,Bhubaneswar,689,70,252,2025-12-07,5069310.61
PRD00517,WH001,Bangalore,580,20,113,2025-12-09,1658759.4
PRD00517,WH007,Bhubaneswar,795,23,68,2025-12-08,2273644.35
PRD00517,WH005,Chennai,798,21,108,2025-12-23,2282224.14
PRD00517,WH008,Dubai,702,84,69,2025-12-31,2007670.86
PRD00517,WH006,Kolkata,733,72,215,2025-12-07,2096328.69
PRD00518,WH001,Bangalore,584,75,198,2025-12-15,727599.76
PRD00518,WH005,Chennai,428,75,268,2025-12-17,533240.92
PRD00518,WH007,Bhubaneswar,35,85,102,2025-12-19,43606.15
PRD00519,WH006,Kolkata,276,118,100,2025-12-26,529442.52
PRD00519,WH007,Bhubaneswar,541,76,192,2025-12-05,1037784.07
PRD00519,WH002,Mumbai,829,48,112,2025-12-27,1590245.83
PRD00520,WH002,Mumbai,671,116,241,2025-12-26,486904.44
PRD00520,WH003,Delhi,141,93,117,2025-12-22,102315.24
PRD00520,WH004,Hyderabad,514,96,293,2025-12-02,372978.96
PRD00520,WH005,Chennai,693,107,214,2025-12-31,502868.52
PRD00521,WH008,Dubai,45,40,141,2025-12-01,45467.1
PRD00521,WH006,Kolkata,555,77,63,2025-12-07,560760.9
PRD00521,WH002,Mumbai,822,61,96,2025-12-02,830532.36
PRD00521,WH007,Bhubaneswar,210,93,213,2025-12-02,212179.8
PRD00521,WH001,Bangalore,165,46,166,2025-12-08,166712.7
PRD00522,WH003,Delhi,599,53,225,2025-12-31,2571093.69
PRD00522,WH007,Bhubaneswar,129,89,185,2025-12-19,553707.99
PRD00522,WH005,Chennai,482,87,133,2025-12-11,2068893.42
PRD00522,WH008,Dubai,18,42,102,2025-12-03,77261.58
PRD00522,WH002,Mumbai,25,100,272,2025-12-29,107307.75
PRD00523,WH006,Kolkata,330,34,145,2025-12-20,229155.3
PRD00523,WH008,Dubai,648,96,58,2025-12-24,449977.68
PRD00523,WH002,Mumbai,788,56,57,2025-12-12,547195.08
PRD00524,WH004,Hyderabad,199,37,95,2025-12-04,10144327.48
PRD00524,WH006,Kolkata,688,72,280,2025-12-07,35071845.76
PRD00524,WH001,Bangalore,711,53,165,2025-12-25,36244305.72
PRD00525,WH006,Kolkata,378,113,164,2025-12-13,63813.96
PRD00525,WH007,Bhubaneswar,648,24,149,2025-12-08,109395.36
PRD00525,WH001,Bangalore,689,103,132,2025-12-15,116316.98
PRD00525,WH008,Dubai,664,47,132,2025-12-03,112096.48
PRD00526,WH007,Bhubaneswar,574,69,74,2025-12-23,1533240.1
PRD00526,WH006,Kolkata,545,66,167,2025-12-22,1455776.75
PRD00527,WH005,Chennai,445,22,229,2025-12-29,453730.9
PRD00527,WH004,Hyderabad,801,74,241,2025-12-06,816715.62
PRD00527,WH006,Kolkata,43,41,166,2025-12-15,43843.66
PRD00527,WH008,Dubai,796,115,100,2025-12-21,811617.52
PRD00527,WH001,Bangalore,757,102,242,2025-12-17,771852.34
PRD00528,WH008,Dubai,839,47,214,2025-12-19,55147965.01
PRD00528,WH005,Chennai,7,37,75,2025-12-16,460114.13
PRD00529,WH006,Kolkata,166,90,147,2025-12-15,256855.12
PRD00529,WH005,Chennai,539,36,294,2025-12-13,834005.48
PRD00529,WH004,Hyderabad,485,36,213,2025-12-09,750450.2
PRD00529,WH003,Delhi,805,27,242,2025-12-08,1245592.6
PRD00529,WH008,Dubai,875,120,132,2025-12-28,1353905.0
PRD00530,WH005,Chennai,440,73,191,2025-12-14,35681553.6
PRD00530,WH004,Hyderabad,339,87,195,2025-12-22,27491015.16
PRD00530,WH008,Dubai,861,21,295,2025-12-13,69822312.84
PRD00530,WH007,Bhubaneswar,421,94,168,2025-12-21,34140759.24
PRD00531,WH001,Bangalore,568,108,228,2025-12-12,3040731.2
PRD00531,WH004,Hyderabad,404,96,99,2025-12-23,2162773.6
PRD00531,WH003,Delhi,642,22,172,2025-12-06,3436882.8
PRD00532,WH001,Bangalore,118,114,234,2025-12-29,85245.56
PRD00532,WH007,Bhubaneswar,860,71,117,2025-12-02,621281.2
PRD00532,WH003,Delhi,676,85,284,2025-12-11,488355.92
PRD00532,WH008,Dubai,488,39,117,2025-12-17,352540.96
PRD00533,WH008,Dubai,472,35,234,2025-12-07,625149.84
PRD00533,WH003,Delhi,14,99,100,2025-12-18,18542.58
PRD00533,WH005,Chennai,255,90,290,2025-12-13,337739.85
PRD00534,WH002,Mumbai,561,86,224,2025-12-25,855390.36
PRD00534,WH008,Dubai,560,32,113,2025-12-22,853865.6
PRD00534,WH007,Bhubaneswar,690,99,273,2025-12-30,1052084.4
PRD00534,WH006,Kolkata,849,62,156,2025-12-06,1294521.24
PRD00535,WH007,Bhubaneswar,369,98,197,2025-12-28,715122.0
PRD00535,WH004,Hyderabad,536,120,288,2025-12-08,1038768.0
PRD00535,WH005,Chennai,715,64,177,2025-12-12,1385670.0
PRD00535,WH008,Dubai,626,60,276,2025-12-31,1213188.0
PRD00535,WH002,Mumbai,149,97,202,2025-12-16,288762.0
PRD00536,WH001,Bangalore,698,59,214,2025-12-12,43408913.16
PRD00536,WH004,Hyderabad,170,42,272,2025-12-01,10572371.4
PRD00536,WH006,Kolkata,868,88,297,2025-12-12,53981284.56
PRD00536,WH008,Dubai,727,32,292,2025-12-30,45212435.34
PRD00537,WH006,Kolkata,172,57,93,2025-12-08,604973.88
PRD00537,WH007,Bhubaneswar,231,83,125,2025-12-04,812493.99
PRD00537,WH008,Dubai,606,45,293,2025-12-01,2131477.74
PRD00537,WH005,Chennai,734,105,109,2025-12-24,2581690.86
PRD00537,WH004,Hyderabad,162,40,75,2025-12-10,569800.98
PRD00538,WH003,Delhi,560,50,198,2025-12-30,1633419.2
PRD00538,WH005,Chennai,304,110,274,2025-12-02,886713.28
PRD00538,WH004,Hyderabad,570,43,88,2025-12-31,1662587.4
PRD00539,WH004,Hyderabad,267,78,154,2025-12-25,7040736.6
PRD00539,WH006,Kolkata,120,62,161,2025-12-09,3164376.0
PRD00540,WH002,Mumbai,791,62,260,2025-12-02,1313574.15
PRD00540,WH008,Dubai,210,91,107,2025-12-24,348736.5
PRD00540,WH004,Hyderabad,126,91,162,2025-12-05,209241.9
PRD00540,WH006,Kolkata,399,119,250,2025-12-28,662599.35
PRD00541,WH004,Hyderabad,641,34,166,2025-12-08,335031.47
PRD00541,WH002,Mumbai,333,69,249,2025-12-11,174049.11
PRD00542,WH003,Delhi,219,110,163,2025-12-22,2542388.52
PRD00542,WH001,Bangalore,684,75,90,2025-12-18,7940610.72
PRD00542,WH005,Chennai,369,48,264,2025-12-28,4283750.52
PRD00542,WH008,Dubai,435,70,93,2025-12-05,5049949.8
PRD00543,WH002,Mumbai,831,63,65,2025-12-19,7465629.21
PRD00543,WH006,Kolkata,496,74,168,2025-12-31,4456019.36
PRD00543,WH003,Delhi,248,84,131,2025-12-18,2228009.68
PRD00543,WH005,Chennai,25,27,298,2025-12-26,224597.75
PRD00544,WH006,Kolkata,282,56,241,2025-12-03,824912.04
PRD00544,WH007,Bhubaneswar,631,72,246,2025-12-02,1845813.82
PRD00545,WH005,Chennai,559,94,139,2025-12-27,276252.21
PRD00545,WH008,Dubai,381,62,94,2025-12-11,188286.39
PRD00545,WH003,Delhi,309,49,124,2025-12-22,152704.71
PRD00545,WH002,Mumbai,780,37,117,2025-12-28,385468.2
PRD00546,WH004,Hyderabad,451,120,85,2025-12-03,1426693.4
PRD00546,WH006,Kolkata,632,72,196,2025-12-22,1999268.8
PRD00546,WH002,Mumbai,598,53,265,2025-12-18,1891713.2
PRD00547,WH004,Hyderabad,894,33,177,2025-12-27,3323212.56
PRD00547,WH006,Kolkata,76,107,209,2025-12-24,282510.24
PRD00547,WH001,Bangalore,621,34,167,2025-12-03,2308406.04
PRD00548,WH002,Mumbai,54,101,149,2025-12-25,36580.68
PRD00548,WH003,Delhi,211,77,232,2025-12-04,142935.62
PRD00548,WH007,Bhubaneswar,50,25,234,2025-12-03,33871.0
PRD00548,WH005,Chennai,801,80,299,2025-12-27,542613.42
PRD00549,WH004,Hyderabad,803,35,252,2025-12-27,664345.99
PRD00549,WH005,Chennai,360,54,139,2025-12-17,297838.8
PRD00549,WH006,Kolkata,274,55,181,2025-12-17,226688.42
PRD00549,WH008,Dubai,280,120,73,2025-12-01,231652.4
PRD00550,WH006,Kolkata,59,75,211,2025-12-30,297879.2
PRD00550,WH001,Bangalore,645,88,234,2025-12-22,3256476.0
PRD00550,WH007,Bhubaneswar,181,117,243,2025-12-28,913832.8
PRD00550,WH005,Chennai,650,100,130,2025-12-01,3281720.0
PRD00551,WH003,Delhi,889,38,110,2025-12-14,2944030.18
PRD00551,WH006,Kolkata,76,53,253,2025-12-29,251683.12
PRD00551,WH004,Hyderabad,256,67,74,2025-12-30,847774.72
PRD00552,WH004,Hyderabad,46,86,51,2025-12-14,21516.96
PRD00552,WH008,Dubai,738,61,132,2025-12-22,345206.88
PRD00552,WH003,Delhi,704,36,98,2025-12-17,329303.04
PRD00553,WH004,Hyderabad,629,46,114,2025-12-13,1469721.4
PRD00553,WH003,Delhi,418,39,226,2025-12-20,976698.8
PRD00553,WH001,Bangalore,206,115,67,2025-12-25,481339.6
PRD00553,WH006,Kolkata,456,47,210,2025-12-19,1065489.6
PRD00554,WH008,Dubai,869,31,175,2025-12-11,7293438.79
PRD00554,WH005,Chennai,70,32,216,2025-12-05,587503.7
PRD00554,WH007,Bhubaneswar,788,69,175,2025-12-31,6613613.08
PRD00554,WH001,Bangalore,10,89,290,2025-12-26,83929.1
PRD00554,WH006,Kolkata,208,113,219,2025-12-09,1745725.28
PRD00555,WH006,Kolkata,767,117,245,2025-12-07,1807857.35
PRD00555,WH005,Chennai,887,28,102,2025-12-04,2090703.35
PRD00555,WH003,Delhi,128,75,257,2025-12-13,301702.4
PRD00556,WH004,Hyderabad,362,33,154,2025-12-02,14849113.3
PRD00556,WH005,Chennai,405,112,170,2025-12-06,16612958.25
PRD00556,WH007,Bhubaneswar,52,57,180,2025-12-28,2133021.8
PRD00556,WH008,Dubai,822,59,278,2025-12-09,33718152.3
PRD00557,WH005,Chennai,27,53,230,2025-12-19,79851.15
PRD00557,WH003,Delhi,585,95,91,2025-12-19,1730108.25
PRD00557,WH004,Hyderabad,288,52,94,2025-12-16,851745.6
PRD00557,WH007,Bhubaneswar,327,81,227,2025-12-24,967086.15
PRD00557,WH001,Bangalore,852,103,136,2025-12-20,2519747.4
PRD00558,WH004,Hyderabad,318,69,253,2025-12-17,2664312.12
PRD00558,WH006,Kolkata,135,69,221,2025-12-02,1131075.9
PRD00558,WH001,Bangalore,446,74,144,2025-12-22,3736739.64
PRD00559,WH004,Hyderabad,37,58,279,2025-12-25,334530.69
PRD00559,WH003,Delhi,58,108,297,2025-12-20,524399.46
PRD00560,WH008,Dubai,105,108,241,2025-12-03,3067410.15
PRD00560,WH004,Hyderabad,243,26,142,2025-12-23,7098863.49
PRD00560,WH001,Bangalore,876,88,156,2025-12-16,25590964.68
PRD00561,WH006,Kolkata,877,45,161,2025-12-28,1557157.35
PRD00561,WH004,Hyderabad,796,64,52,2025-12-29,1413337.8
PRD00561,WH008,Dubai,400,68,95,2025-12-10,710220.0
PRD00561,WH007,Bhubaneswar,12,50,281,2025-12-20,21306.6
PRD00562,WH003,Delhi,236,120,79,2025-12-08,388800.56
PRD00562,WH006,Kolkata,775,114,206,2025-12-14,1276781.5
PRD00562,WH008,Dubai,671,56,284,2025-12-14,1105445.66
PRD00563,WH001,Bangalore,460,33,219,2025-12-15,31973509.8
PRD00563,WH006,Kolkata,701,35,97,2025-12-20,48724848.63
PRD00563,WH008,Dubai,813,67,226,2025-12-05,56509703.19
PRD00563,WH003,Delhi,238,45,118,2025-12-05,16542815.94
PRD00563,WH005,Chennai,696,20,271,2025-12-23,48377310.48
PRD00564,WH005,Chennai,108,116,53,2025-12-03,105132.6
PRD00564,WH008,Dubai,296,68,61,2025-12-14,288141.2
PRD00564,WH001,Bangalore,627,93,138,2025-12-26,610353.15
PRD00564,WH004,Hyderabad,485,44,218,2025-12-13,472123.25
PRD00564,WH003,Delhi,851,62,157,2025-12-06,828405.95
PRD00565,WH006,Kolkata,700,74,138,2025-12-23,1524229.0
PRD00565,WH007,Bhubaneswar,382,111,133,2025-12-08,831793.54
PRD00565,WH003,Delhi,280,90,209,2025-12-08,609691.6
PRD00565,WH002,Mumbai,729,93,183,2025-12-22,1587375.63
PRD00566,WH008,Dubai,237,110,215,2025-12-04,165883.41
PRD00566,WH005,Chennai,153,33,137,2025-12-26,107089.29
PRD00566,WH001,Bangalore,83,44,285,2025-12-31,58094.19
PRD00567,WH001,Bangalore,394,32,158,2025-12-13,596724.82
PRD00567,WH006,Kolkata,790,45,166,2025-12-23,1196478.7
PRD00567,WH007,Bhubaneswar,82,68,163,2025-12-08,124191.46
PRD00567,WH003,Delhi,710,20,153,2025-12-15,1075316.3
PRD00568,WH005,Chennai,849,76,202,2025-12-25,351307.71
PRD00568,WH006,Kolkata,322,75,263,2025-12-20,133240.38
PRD00568,WH004,Hyderabad,124,86,268,2025-12-02,51309.96
PRD00569,WH005,Chennai,374,68,103,2025-12-08,344629.78
PRD00569,WH001,Bangalore,666,96,246,2025-12-12,613699.02
PRD00569,WH007,Bhubaneswar,882,52,217,2025-12-20,812736.54
PRD00569,WH003,Delhi,332,21,288,2025-12-10,305928.04
PRD00569,WH002,Mumbai,799,25,221,2025-12-23,736254.53
PRD00570,WH005,Chennai,258,110,184,2025-12-03,222034.8
PRD00570,WH001,Bangalore,616,99,65,2025-12-13,530129.6
PRD00570,WH007,Bhubaneswar,576,92,254,2025-12-27,495705.6
PRD00571,WH005,Chennai,420,52,93,2025-12-16,12958776.6
PRD00571,WH004,Hyderabad,214,38,145,2025-12-27,6602805.22
PRD00572,WH008,Dubai,716,83,221,2025-12-17,18898053.88
PRD00572,WH001,Bangalore,475,80,222,2025-12-21,12537116.75
PRD00572,WH006,Kolkata,6,81,126,2025-12-04,158363.58
PRD00573,WH003,Delhi,884,84,186,2025-12-28,3219616.4
PRD00573,WH001,Bangalore,468,74,171,2025-12-13,1704502.8
PRD00573,WH007,Bhubaneswar,500,77,78,2025-12-01,1821050.0
PRD00574,WH003,Delhi,848,112,146,2025-12-27,1982327.2
PRD00574,WH004,Hyderabad,256,101,90,2025-12-08,598438.4
PRD00575,WH004,Hyderabad,220,73,261,2025-12-30,227847.4
PRD00575,WH008,Dubai,193,71,96,2025-12-30,199884.31
PRD00576,WH006,Kolkata,2,52,299,2025-12-21,130459.34
PRD00576,WH003,Delhi,69,71,203,2025-12-02,4500847.23
PRD00576,WH001,Bangalore,378,116,85,2025-12-01,24656815.26
PRD00577,WH008,Dubai,293,23,188,2025-12-09,64451.21
PRD00577,WH004,Hyderabad,54,103,123,2025-12-24,11878.38
PRD00577,WH007,Bhubaneswar,374,47,191,2025-12-18,82268.78
PRD00578,WH002,Mumbai,263,70,158,2025-12-02,1147142.88
PRD00578,WH001,Bangalore,185,76,128,2025-12-16,806925.6
PRD00579,WH007,Bhubaneswar,686,95,126,2025-12-19,635942.58
PRD00579,WH004,Hyderabad,177,68,240,2025-12-23,164084.31
PRD00579,WH003,Delhi,544,81,76,2025-12-20,504304.32
PRD00580,WH003,Delhi,168,111,153,2025-12-15,8273198.64
PRD00580,WH001,Bangalore,250,37,215,2025-12-08,12311307.5
PRD00581,WH005,Chennai,715,62,242,2025-12-31,1250871.05
PRD00581,WH006,Kolkata,648,114,287,2025-12-15,1133656.56
PRD00581,WH002,Mumbai,301,65,179,2025-12-23,526590.47
PRD00582,WH004,Hyderabad,352,70,206,2025-12-01,21508495.36
PRD00582,WH002,Mumbai,621,71,157,2025-12-06,37945385.28
PRD00582,WH006,Kolkata,75,45,254,2025-12-03,4582776.0
PRD00583,WH005,Chennai,718,25,213,2025-12-21,183233.6
PRD00583,WH008,Dubai,112,26,96,2025-12-10,28582.4
PRD00583,WH004,Hyderabad,128,50,96,2025-12-19,32665.6
PRD00584,WH007,Bhubaneswar,266,38,241,2025-12-19,24922042.74
PRD00584,WH008,Dubai,356,69,51,2025-12-09,33354312.84
PRD00584,WH001,Bangalore,467,94,211,2025-12-30,43754112.63
PRD00584,WH006,Kolkata,98,118,66,2025-12-24,9181805.22
PRD00584,WH002,Mumbai,560,51,223,2025-12-08,52467458.4
PRD00585,WH008,Dubai,257,56,211,2025-12-07,287593.28
PRD00585,WH001,Bangalore,530,50,175,2025-12-20,593091.2
PRD00585,WH003,Delhi,518,49,291,2025-12-12,579662.72
PRD00585,WH006,Kolkata,866,115,137,2025-12-18,969088.64
PRD00585,WH002,Mumbai,181,92,297,2025-12-09,202546.24
PRD00586,WH003,Delhi,212,37,74,2025-12-15,691056.4
PRD00586,WH007,Bhubaneswar,771,118,143,2025-12-03,2513228.7
PRD00586,WH001,Bangalore,292,87,272,2025-12-04,951832.4
PRD00586,WH004,Hyderabad,825,36,235,2025-12-16,2689252.5
PRD00587,WH007,Bhubaneswar,445,63,81,2025-12-13,1682585.05
PRD00587,WH001,Bangalore,273,60,58,2025-12-28,1032237.57
PRD00588,WH005,Chennai,223,26,59,2025-12-15,265943.11
PRD00588,WH007,Bhubaneswar,853,35,295,2025-12-30,1017262.21
PRD00588,WH001,Bangalore,59,92,221,2025-12-20,70361.63
PRD00588,WH003,Delhi,500,57,203,2025-12-03,596285.0
PRD00588,WH006,Kolkata,712,102,232,2025-12-23,849109.84
PRD00589,WH002,Mumbai,782,92,103,2025-12-31,797413.22
PRD00589,WH006,Kolkata,745,52,127,2025-12-01,759683.95
PRD00589,WH005,Chennai,761,99,228,2025-12-03,775999.31
PRD00589,WH001,Bangalore,712,97,120,2025-12-17,726033.52
PRD00590,WH001,Bangalore,255,82,242,2025-12-14,37643.1
PRD00590,WH007,Bhubaneswar,643,118,265,2025-12-05,94919.66
PRD00590,WH004,Hyderabad,396,61,116,2025-12-25,58457.52
PRD00590,WH008,Dubai,227,88,53,2025-12-06,33509.74
PRD00590,WH006,Kolkata,123,77,73,2025-12-30,18157.26
PRD00591,WH007,Bhubaneswar,278,26,283,2025-12-27,1162412.52
PRD00591,WH008,Dubai,615,59,293,2025-12-10,2571524.1
PRD00591,WH003,Delhi,778,34,195,2025-12-28,3253082.52
PRD00592,WH003,Delhi,407,43,177,2025-12-20,466409.79
PRD00592,WH002,Mumbai,490,25,92,2025-12-21,561525.3
PRD00592,WH005,Chennai,312,29,289,2025-12-10,357542.64
PRD00592,WH008,Dubai,335,52,238,2025-12-11,383899.95
PRD00592,WH001,Bangalore,169,30,153,2025-12-02,193668.93
PRD00593,WH003,Delhi,647,99,75,2025-12-26,613414.23
PRD00593,WH004,Hyderabad,644,78,70,2025-12-06,610569.96
PRD00593,WH005,Chennai,346,50,77,2025-12-12,328039.14
PRD00593,WH002,Mumbai,526,31,64,2025-12-19,498695.34
PRD00593,WH008,Dubai,584,87,167,2025-12-26,553684.56
PRD00594,WH008,Dubai,481,27,193,2025-12-19,15747059.77
PRD00594,WH006,Kolkata,175,108,283,2025-12-27,5729179.75
PRD00594,WH003,Delhi,336,24,67,2025-12-18,11000025.12
PRD00595,WH004,Hyderabad,578,20,54,2025-12-12,1801545.08
PRD00595,WH007,Bhubaneswar,728,111,103,2025-12-12,2269074.08
PRD00595,WH005,Chennai,452,113,180,2025-12-15,1408820.72
PRD00595,WH001,Bangalore,626,81,152,2025-12-06,1951154.36
PRD00596,WH008,Dubai,554,38,162,2025-12-12,343164.22
PRD00596,WH006,Kolkata,476,38,90,2025-12-12,294848.68
PRD00596,WH003,Delhi,893,77,248,2025-12-01,553150.99
PRD00596,WH005,Chennai,149,68,188,2025-12-24,92295.07
PRD00596,WH002,Mumbai,545,116,243,2025-12-30,337589.35
PRD00597,WH007,Bhubaneswar,316,38,251,2025-12-29,502067.12
PRD00597,WH003,Delhi,801,69,261,2025-12-01,1272644.82
PRD00597,WH004,Hyderabad,320,82,197,2025-12-23,508422.4
PRD00597,WH005,Chennai,216,39,84,2025-12-04,343185.12
PRD00597,WH006,Kolkata,473,60,270,2025-12-19,751511.86
PRD00598,WH003,Delhi,94,27,224,2025-12-31,212101.6
PRD00598,WH008,Dubai,763,90,50,2025-12-31,1721633.2
PRD00598,WH005,Chennai,327,37,152,2025-12-07,737842.8
PRD00599,WH005,Chennai,566,36,125,2025-12-10,390641.88
PRD00599,WH007,Bhubaneswar,619,110,55,2025-12-12,427221.42
PRD00599,WH002,Mumbai,79,54,203,2025-12-15,54524.22
PRD00599,WH004,Hyderabad,111,94,252,2025-12-10,76609.98
PRD00600,WH008,Dubai,590,24,138,2025-12-07,4452311.1
PRD00600,WH002,Mumbai,520,120,86,2025-12-04,3924070.8
PRD00600,WH003,Delhi,139,62,261,2025-12-08,1048934.31
PRD00600,WH001,Bangalore,699,97,255,2025-12-02,5274856.71
PRD00601,WH006,Kolkata,522,58,199,2025-12-09,27421907.58
PRD00601,WH007,Bhubaneswar,498,104,141,2025-12-19,26161130.22
PRD00601,WH003,Delhi,289,79,53,2025-12-18,15181860.71
PRD00601,WH005,Chennai,604,84,96,2025-12-07,31729563.56
PRD00601,WH001,Bangalore,301,94,163,2025-12-29,15812249.39
PRD00602,WH001,Bangalore,630,30,252,2025-12-04,4061528.1
PRD00602,WH006,Kolkata,200,39,122,2025-12-22,1289374.0
PRD00602,WH002,Mumbai,16,79,251,2025-12-06,103149.92
PRD00602,WH007,Bhubaneswar,824,56,192,2025-12-10,5312220.88
PRD00603,WH008,Dubai,245,89,150,2025-12-22,295455.3
PRD00603,WH002,Mumbai,200,107,258,2025-12-12,241188.0
PRD00603,WH005,Chennai,482,20,131,2025-12-03,581263.08
PRD00603,WH007,Bhubaneswar,188,78,162,2025-12-11,226716.72
PRD00603,WH006,Kolkata,172,95,162,2025-12-17,207421.68
PRD00604,WH008,Dubai,136,57,213,2025-12-24,297130.08
PRD00604,WH004,Hyderabad,67,46,156,2025-12-22,146380.26
PRD00604,WH002,Mumbai,283,29,259,2025-12-28,618292.74
PRD00604,WH007,Bhubaneswar,783,72,101,2025-12-08,1710682.74
PRD00605,WH006,Kolkata,250,105,85,2025-12-12,884105.0
PRD00605,WH002,Mumbai,521,86,225,2025-12-06,1842474.82
PRD00605,WH007,Bhubaneswar,361,80,170,2025-12-20,1276647.62
PRD00606,WH008,Dubai,141,73,292,2025-12-15,331103.25
PRD00606,WH006,Kolkata,714,62,104,2025-12-15,1676650.5
PRD00606,WH005,Chennai,160,39,252,2025-12-04,375720.0
PRD00607,WH006,Kolkata,445,90,215,2025-12-24,491079.75
PRD00607,WH004,Hyderabad,614,66,86,2025-12-03,677579.7
PRD00607,WH008,Dubai,341,32,263,2025-12-17,376310.55
PRD00608,WH006,Kolkata,432,84,97,2025-12-23,1898868.96
PRD00608,WH003,Delhi,871,54,157,2025-12-19,3828506.63
PRD00608,WH008,Dubai,588,48,83,2025-12-21,2584571.64
PRD00608,WH002,Mumbai,893,70,169,2025-12-06,3925208.29
PRD00608,WH001,Bangalore,226,43,234,2025-12-02,993389.78
PRD00609,WH007,Bhubaneswar,202,58,268,2025-12-25,13107.78
PRD00609,WH003,Delhi,661,30,170,2025-12-11,42892.29
PRD00609,WH001,Bangalore,390,72,99,2025-12-07,25307.1
PRD00609,WH002,Mumbai,91,117,289,2025-12-19,5904.99
PRD00609,WH004,Hyderabad,25,92,238,2025-12-26,1622.25
PRD00610,WH001,Bangalore,780,118,149,2025-12-20,36450952.2
PRD00610,WH008,Dubai,67,79,193,2025-12-02,3131043.33
PRD00610,WH005,Chennai,603,59,280,2025-12-27,28179389.97
PRD00611,WH001,Bangalore,377,71,154,2025-12-22,310071.19
PRD00611,WH005,Chennai,534,118,116,2025-12-03,439198.98
PRD00611,WH003,Delhi,379,52,204,2025-12-21,311716.13
PRD00611,WH004,Hyderabad,748,48,80,2025-12-11,615207.56
PRD00612,WH004,Hyderabad,391,89,258,2025-12-14,1556465.43
PRD00612,WH006,Kolkata,85,100,54,2025-12-04,338362.05
PRD00612,WH005,Chennai,627,114,168,2025-12-30,2495917.71
PRD00613,WH003,Delhi,594,104,82,2025-12-10,12872039.4
PRD00613,WH002,Mumbai,248,54,136,2025-12-29,5374184.8
PRD00613,WH005,Chennai,337,83,53,2025-12-09,7302823.7
PRD00614,WH003,Delhi,132,82,221,2025-12-07,295093.92
PRD00614,WH006,Kolkata,525,73,167,2025-12-28,1173669.0
PRD00614,WH001,Bangalore,82,64,95,2025-12-22,183315.92
PRD00614,WH002,Mumbai,29,51,105,2025-12-22,64831.24
PRD00614,WH008,Dubai,178,36,61,2025-12-13,397929.68
PRD00615,WH004,Hyderabad,593,94,169,2025-12-05,458922.7
PRD00615,WH001,Bangalore,715,59,70,2025-12-03,553338.5
PRD00615,WH005,Chennai,42,31,202,2025-12-21,32503.8
PRD00615,WH003,Delhi,721,35,111,2025-12-22,557981.9
PRD00615,WH008,Dubai,807,95,111,2025-12-28,624537.3
PRD00616,WH007,Bhubaneswar,296,67,299,2025-12-31,117775.44
PRD00616,WH003,Delhi,578,51,247,2025-12-14,229980.42
PRD00616,WH006,Kolkata,364,69,249,2025-12-13,144831.96
PRD00616,WH008,Dubai,51,67,218,2025-12-12,20292.39
PRD00616,WH004,Hyderabad,512,110,171,2025-12-04,203719.68
PRD00617,WH002,Mumbai,384,105,153,2025-12-02,691872.0
PRD00617,WH008,Dubai,408,24,228,2025-12-15,735114.0
PRD00617,WH003,Delhi,286,45,215,2025-12-15,515300.5
PRD00618,WH002,Mumbai,701,110,188,2025-12-29,19589767.46
PRD00618,WH005,Chennai,445,55,137,2025-12-13,12435729.7
PRD00618,WH003,Delhi,329,45,185,2025-12-25,9194056.34
PRD00618,WH007,Bhubaneswar,752,95,277,2025-12-17,21014985.92
PRD00619,WH003,Delhi,725,28,53,2025-12-26,192639.75
PRD00619,WH002,Mumbai,768,24,226,2025-12-14,204065.28
PRD00620,WH007,Bhubaneswar,13,31,53,2025-12-15,149066.97
PRD00620,WH008,Dubai,481,105,291,2025-12-06,5515477.89
PRD00620,WH001,Bangalore,826,29,115,2025-12-21,9471485.94
PRD00621,WH004,Hyderabad,572,103,291,2025-12-15,58458.4
PRD00621,WH008,Dubai,219,37,199,2025-12-29,22381.8
PRD00621,WH005,Chennai,230,34,276,2025-12-06,23506.0
PRD00622,WH003,Delhi,853,88,209,2025-12-29,760313.02
PRD00622,WH006,Kolkata,813,68,184,2025-12-06,724659.42
PRD00623,WH005,Chennai,841,94,51,2025-12-11,361899.12
PRD00623,WH008,Dubai,36,71,64,2025-12-30,15491.52
PRD00623,WH003,Delhi,293,36,63,2025-12-14,126083.76
PRD00623,WH002,Mumbai,669,119,158,2025-12-08,287884.08
PRD00623,WH007,Bhubaneswar,236,95,115,2025-12-12,101555.52
PRD00624,WH003,Delhi,409,110,127,2025-12-11,5172578.01
PRD00624,WH005,Chennai,655,20,80,2025-12-15,8283712.95
PRD00625,WH008,Dubai,870,60,264,2025-12-01,202762.2
PRD00625,WH003,Delhi,268,59,199,2025-12-13,62460.08
PRD00626,WH003,Delhi,204,44,125,2025-12-26,16926145.2
PRD00626,WH004,Hyderabad,796,81,80,2025-12-26,66045154.8
PRD00626,WH002,Mumbai,693,70,98,2025-12-17,57499110.9
PRD00627,WH001,Bangalore,123,102,288,2025-12-31,861114.39
PRD00627,WH003,Delhi,144,96,100,2025-12-08,1008133.92
PRD00628,WH004,Hyderabad,534,77,220,2025-12-13,3095544.6
PRD00628,WH005,Chennai,41,98,207,2025-12-04,237672.9
PRD00628,WH007,Bhubaneswar,34,49,247,2025-12-31,197094.6
PRD00629,WH006,Kolkata,848,111,297,2025-12-11,41766942.56
PRD00629,WH003,Delhi,611,63,169,2025-12-24,30093870.17
PRD00629,WH004,Hyderabad,243,98,288,2025-12-07,11968593.21
PRD00630,WH007,Bhubaneswar,324,25,279,2025-12-07,543024.0
PRD00630,WH002,Mumbai,454,53,219,2025-12-05,760904.0
PRD00630,WH006,Kolkata,572,44,145,2025-12-30,958672.0
PRD00630,WH001,Bangalore,364,84,172,2025-12-06,610064.0
PRD00630,WH003,Delhi,324,72,171,2025-12-01,543024.0
PRD00631,WH008,Dubai,432,26,88,2025-12-05,375887.52
PRD00631,WH007,Bhubaneswar,179,92,198,2025-12-06,155749.69
PRD00632,WH003,Delhi,135,94,176,2025-12-13,3007532.7
PRD00632,WH004,Hyderabad,346,42,168,2025-12-16,7708194.92
PRD00632,WH005,Chennai,470,116,167,2025-12-13,10470669.4
PRD00632,WH006,Kolkata,360,109,224,2025-12-29,8020087.2
PRD00632,WH002,Mumbai,722,36,98,2025-12-05,16084730.44
PRD00633,WH003,Delhi,477,36,272,2025-12-05,183597.3
PRD00633,WH005,Chennai,148,21,192,2025-12-09,56965.2
PRD00634,WH008,Dubai,528,39,281,2025-12-24,78830.4
PRD00634,WH001,Bangalore,168,103,101,2025-12-29,25082.4
PRD00634,WH004,Hyderabad,83,114,78,2025-12-19,12391.9
PRD00634,WH007,Bhubaneswar,865,101,206,2025-12-04,129144.5
PRD00635,WH002,Mumbai,522,59,75,2025-12-09,237483.9
PRD00635,WH004,Hyderabad,453,23,141,2025-12-21,206092.35
PRD00635,WH008,Dubai,132,109,243,2025-12-18,60053.4
PRD00635,WH001,Bangalore,398,28,181,2025-12-03,181070.1
PRD00635,WH006,Kolkata,458,59,148,2025-12-08,208367.1
PRD00636,WH004,Hyderabad,239,106,99,2025-12-28,1060880.37
PRD00636,WH005,Chennai,420,118,114,2025-12-05,1864308.6
PRD00637,WH003,Delhi,414,85,94,2025-12-28,22110228.9
PRD00637,WH005,Chennai,472,53,171,2025-12-02,25207797.2
PRD00638,WH007,Bhubaneswar,866,49,169,2025-12-14,19511889.3
PRD00638,WH001,Bangalore,223,58,75,2025-12-05,5024424.15
PRD00638,WH003,Delhi,716,29,53,2025-12-06,16132231.8
PRD00638,WH002,Mumbai,319,34,191,2025-12-28,7187404.95
PRD00638,WH005,Chennai,224,25,250,2025-12-02,5046955.2
PRD00639,WH008,Dubai,153,56,255,2025-12-07,373413.33
PRD00639,WH007,Bhubaneswar,142,37,253,2025-12-23,346566.62
PRD00639,WH002,Mumbai,563,90,145,2025-12-03,1374063.43
PRD00639,WH006,Kolkata,23,67,183,2025-12-07,56134.03
PRD00640,WH005,Chennai,528,75,258,2025-12-19,5097016.32
PRD00640,WH007,Bhubaneswar,759,67,73,2025-12-07,7326960.96
PRD00641,WH003,Delhi,577,34,199,2025-12-01,4804182.78
PRD00641,WH004,Hyderabad,306,32,128,2025-12-24,2547798.84
PRD00642,WH003,Delhi,499,85,159,2025-12-16,662407.53
PRD00642,WH007,Bhubaneswar,452,56,147,2025-12-08,600016.44
PRD00642,WH005,Chennai,202,100,273,2025-12-29,268148.94
PRD00643,WH007,Bhubaneswar,193,27,190,2025-12-25,1189794.82
PRD00643,WH008,Dubai,721,34,226,2025-12-04,4444777.54
PRD00644,WH002,Mumbai,767,117,293,2025-12-04,507324.48
PRD00644,WH001,Bangalore,445,113,284,2025-12-13,294340.8
PRD00644,WH004,Hyderabad,457,38,254,2025-12-14,302278.08
PRD00644,WH005,Chennai,660,117,105,2025-12-26,436550.4
PRD00645,WH008,Dubai,641,52,137,2025-12-20,1799376.74
PRD00645,WH006,Kolkata,811,76,74,2025-12-17,2276590.54
PRD00645,WH003,Delhi,76,34,206,2025-12-14,213342.64
PRD00646,WH002,Mumbai,832,106,156,2025-12-14,503642.88
PRD00646,WH006,Kolkata,764,53,280,2025-12-07,462479.76
PRD00646,WH008,Dubai,722,116,193,2025-12-26,437055.48
PRD00647,WH002,Mumbai,12,37,297,2025-12-22,27345.36
PRD00647,WH003,Delhi,354,98,127,2025-12-30,806688.12
PRD00647,WH008,Dubai,317,108,135,2025-12-20,722373.26
PRD00647,WH004,Hyderabad,476,74,51,2025-12-30,1084699.28
PRD00648,WH008,Dubai,99,102,259,2025-12-12,162697.59
PRD00648,WH003,Delhi,797,88,254,2025-12-10,1309797.77
PRD00649,WH004,Hyderabad,16,56,244,2025-12-29,73773.6
PRD00649,WH006,Kolkata,320,85,132,2025-12-14,1475472.0
PRD00650,WH008,Dubai,739,92,228,2025-12-04,2287286.29
PRD00650,WH004,Hyderabad,383,76,234,2025-12-02,1185427.13
PRD00650,WH005,Chennai,716,32,68,2025-12-30,2216098.76
PRD00651,WH001,Bangalore,561,109,289,2025-12-01,2456355.33
PRD00651,WH003,Delhi,448,42,243,2025-12-20,1961581.44
PRD00651,WH005,Chennai,180,47,143,2025-12-04,788135.4
PRD00652,WH001,Bangalore,419,24,78,2025-12-21,25520188.03
PRD00652,WH007,Bhubaneswar,660,65,170,2025-12-08,40198864.2
PRD00652,WH002,Mumbai,874,104,184,2025-12-13,53233041.38
PRD00652,WH004,Hyderabad,779,96,188,2025-12-11,47446841.23
PRD00653,WH002,Mumbai,387,27,59,2025-12-10,335621.88
PRD00653,WH003,Delhi,336,66,299,2025-12-01,291392.64
PRD00654,WH006,Kolkata,98,60,59,2025-12-16,392552.72
PRD00654,WH007,Bhubaneswar,423,101,119,2025-12-18,1694385.72
PRD00654,WH001,Bangalore,103,51,57,2025-12-04,412580.92
PRD00654,WH002,Mumbai,438,77,240,2025-12-06,1754470.32
PRD00654,WH004,Hyderabad,899,83,288,2025-12-23,3601070.36
PRD00655,WH004,Hyderabad,276,46,271,2025-12-28,244312.44
PRD00655,WH005,Chennai,432,95,130,2025-12-29,382402.08
PRD00656,WH007,Bhubaneswar,2,72,142,2025-12-17,15795.4
PRD00656,WH005,Chennai,618,88,239,2025-12-16,4880778.6
PRD00656,WH001,Bangalore,896,112,77,2025-12-13,7076339.2
PRD00656,WH003,Delhi,242,74,70,2025-12-26,1911243.4
PRD00656,WH004,Hyderabad,859,114,115,2025-12-16,6784124.3
PRD00657,WH002,Mumbai,825,99,144,2025-12-10,5356733.25
PRD00657,WH006,Kolkata,792,86,109,2025-12-18,5142463.92
PRD00657,WH008,Dubai,118,42,86,2025-12-29,766175.18
PRD00657,WH004,Hyderabad,493,46,80,2025-12-10,3201053.93
PRD00657,WH005,Chennai,787,95,169,2025-12-27,5109998.87
PRD00658,WH007,Bhubaneswar,771,39,294,2025-12-18,598272.87
PRD00658,WH004,Hyderabad,169,107,276,2025-12-30,131138.93
PRD00659,WH001,Bangalore,660,56,257,2025-12-14,361904.4
PRD00659,WH003,Delhi,6,117,195,2025-12-27,3290.04
PRD00659,WH008,Dubai,51,71,183,2025-12-08,27965.34
PRD00660,WH008,Dubai,591,97,77,2025-12-15,54352508.82
PRD00660,WH007,Bhubaneswar,672,34,294,2025-12-04,61801837.44
PRD00661,WH003,Delhi,128,96,104,2025-12-05,182493.44
PRD00661,WH005,Chennai,347,50,163,2025-12-16,494728.31
PRD00661,WH008,Dubai,262,39,290,2025-12-06,373541.26
PRD00661,WH004,Hyderabad,729,79,251,2025-12-06,1039357.17
PRD00662,WH005,Chennai,372,57,61,2025-12-24,137721.84
PRD00662,WH001,Bangalore,222,74,161,2025-12-13,82188.84
PRD00662,WH004,Hyderabad,470,102,296,2025-12-02,174003.4
PRD00662,WH006,Kolkata,56,55,279,2025-12-23,20732.32
PRD00663,WH002,Mumbai,460,35,230,2025-12-21,2810765.6
PRD00663,WH004,Hyderabad,781,42,262,2025-12-29,4772191.16
PRD00663,WH007,Bhubaneswar,89,90,234,2025-12-22,543822.04
PRD00663,WH006,Kolkata,757,89,179,2025-12-26,4625542.52
PRD00664,WH004,Hyderabad,620,115,51,2025-12-03,277115.2
PRD00664,WH003,Delhi,85,53,252,2025-12-11,37991.6
PRD00665,WH003,Delhi,414,98,235,2025-12-02,907140.24
PRD00665,WH001,Bangalore,202,116,113,2025-12-19,442614.32
PRD00665,WH002,Mumbai,549,84,89,2025-12-29,1202946.84
PRD00665,WH005,Chennai,128,53,239,2025-12-08,280468.48
PRD00665,WH004,Hyderabad,71,77,273,2025-12-15,155572.36
PRD00666,WH007,Bhubaneswar,684,86,71,2025-12-10,1486400.4
PRD00666,WH002,Mumbai,886,44,227,2025-12-07,1925366.6
PRD00667,WH001,Bangalore,498,63,193,2025-12-09,282316.2
PRD00667,WH007,Bhubaneswar,134,116,104,2025-12-13,75964.6
PRD00667,WH008,Dubai,70,50,135,2025-12-10,39683.0
PRD00668,WH007,Bhubaneswar,82,89,163,2025-12-27,106943.58
PRD00668,WH005,Chennai,339,105,229,2025-12-07,442120.41
PRD00668,WH004,Hyderabad,161,54,237,2025-12-07,209974.59
PRD00668,WH008,Dubai,66,22,189,2025-12-01,86076.54
PRD00668,WH006,Kolkata,267,78,212,2025-12-01,348218.73
PRD00669,WH003,Delhi,155,97,266,2025-12-22,750035.7
PRD00669,WH002,Mumbai,158,61,107,2025-12-22,764552.52
PRD00669,WH004,Hyderabad,892,87,121,2025-12-01,4316334.48
PRD00669,WH001,Bangalore,251,119,213,2025-12-28,1214573.94
PRD00670,WH006,Kolkata,93,55,131,2025-12-19,229044.12
PRD00670,WH007,Bhubaneswar,568,34,234,2025-12-27,1398893.12
PRD00671,WH008,Dubai,683,72,133,2025-12-29,2996348.32
PRD00671,WH006,Kolkata,13,30,246,2025-12-28,57031.52
PRD00672,WH002,Mumbai,227,72,133,2025-12-31,40669.32
PRD00672,WH008,Dubai,369,91,157,2025-12-11,66110.04
PRD00672,WH001,Bangalore,216,85,292,2025-12-29,38698.56
PRD00672,WH006,Kolkata,295,73,176,2025-12-31,52852.2
PRD00673,WH008,Dubai,296,63,205,2025-12-01,5849475.04
PRD00673,WH001,Bangalore,779,31,163,2025-12-30,15394395.46
PRD00673,WH005,Chennai,226,101,279,2025-12-16,4466153.24
PRD00673,WH004,Hyderabad,666,96,65,2025-12-14,13161318.84
PRD00673,WH003,Delhi,594,26,139,2025-12-10,11738473.56
PRD00674,WH001,Bangalore,601,118,138,2025-12-28,631578.88
PRD00674,WH007,Bhubaneswar,279,97,126,2025-12-14,293195.52
PRD00675,WH003,Delhi,801,89,263,2025-12-26,6169486.23
PRD00675,WH002,Mumbai,25,29,151,2025-12-02,192555.75
PRD00675,WH006,Kolkata,257,111,207,2025-12-04,1979473.11
PRD00675,WH004,Hyderabad,137,74,265,2025-12-20,1055205.51
PRD00675,WH005,Chennai,889,68,191,2025-12-22,6847282.47
PRD00676,WH007,Bhubaneswar,617,100,298,2025-12-22,2334666.3
PRD00676,WH006,Kolkata,288,68,141,2025-12-01,1089763.2
PRD00676,WH008,Dubai,655,66,229,2025-12-17,2478454.5
PRD00676,WH003,Delhi,458,83,259,2025-12-16,1733026.2
PRD00676,WH001,Bangalore,392,24,91,2025-12-06,1483288.8
PRD00677,WH007,Bhubaneswar,851,66,56,2025-12-19,977143.73
PRD00677,WH005,Chennai,882,118,125,2025-12-14,1012738.86
PRD00678,WH005,Chennai,806,77,235,2025-12-20,375039.86
PRD00678,WH004,Hyderabad,15,77,141,2025-12-01,6979.65
PRD00679,WH002,Mumbai,146,60,196,2025-12-22,454554.94
PRD00679,WH008,Dubai,732,52,292,2025-12-08,2279001.48
PRD00679,WH004,Hyderabad,359,115,200,2025-12-19,1117707.01
PRD00679,WH005,Chennai,698,92,152,2025-12-01,2173146.22
PRD00680,WH005,Chennai,79,101,292,2025-12-27,6147140.89
PRD00680,WH001,Bangalore,184,39,81,2025-12-02,14317391.44
PRD00681,WH003,Delhi,580,37,171,2025-12-31,1161496.4
PRD00681,WH007,Bhubaneswar,185,63,184,2025-12-07,370477.3
PRD00681,WH002,Mumbai,232,73,115,2025-12-14,464598.56
PRD00682,WH007,Bhubaneswar,395,91,259,2025-12-27,3866117.8
PRD00682,WH005,Chennai,533,53,124,2025-12-29,5216812.12
PRD00682,WH004,Hyderabad,871,102,174,2025-12-19,8525034.44
PRD00683,WH002,Mumbai,532,66,126,2025-12-14,35459917.36
PRD00683,WH008,Dubai,637,68,286,2025-12-03,42458585.26
PRD00683,WH004,Hyderabad,452,57,271,2025-12-19,30127598.96
PRD00683,WH005,Chennai,731,50,81,2025-12-03,48724059.38
PRD00684,WH007,Bhubaneswar,255,21,82,2025-12-11,945180.45
PRD00684,WH005,Chennai,817,87,164,2025-12-20,3028284.03
PRD00684,WH002,Mumbai,186,29,140,2025-12-11,689425.74
PRD00684,WH008,Dubai,489,45,143,2025-12-15,1812522.51
PRD00684,WH006,Kolkata,820,96,145,2025-12-01,3039403.8
PRD00685,WH007,Bhubaneswar,32,35,54,2025-12-10,45377.28
PRD00685,WH001,Bangalore,46,47,272,2025-12-31,65229.84
PRD00685,WH003,Delhi,92,33,174,2025-12-25,130459.68
PRD00685,WH008,Dubai,214,120,87,2025-12-28,303460.56
PRD00686,WH002,Mumbai,678,58,126,2025-12-12,4529107.8
PRD00686,WH006,Kolkata,365,85,227,2025-12-11,2438236.5
PRD00686,WH004,Hyderabad,221,39,90,2025-12-15,1476302.1
PRD00686,WH005,Chennai,438,64,84,2025-12-28,2925883.8
PRD00687,WH001,Bangalore,107,96,98,2025-12-29,140532.73
PRD00687,WH005,Chennai,122,111,240,2025-12-04,160233.58
PRD00688,WH002,Mumbai,49,81,240,2025-12-19,1876140.42
PRD00688,WH004,Hyderabad,304,105,137,2025-12-09,11639728.32
PRD00688,WH001,Bangalore,521,99,69,2025-12-08,19948350.18
PRD00688,WH003,Delhi,124,49,148,2025-12-02,4747783.92
PRD00689,WH005,Chennai,429,90,88,2025-12-01,915207.15
PRD00689,WH001,Bangalore,161,49,74,2025-12-27,343469.35
PRD00690,WH005,Chennai,411,39,105,2025-12-01,20830154.04
PRD00690,WH008,Dubai,821,50,205,2025-12-07,41609626.44
PRD00691,WH008,Dubai,305,79,120,2025-12-05,54610.25
PRD00691,WH004,Hyderabad,820,85,243,2025-12-23,146821.0
PRD00692,WH005,Chennai,347,29,203,2025-12-14,1225912.83
PRD00692,WH003,Delhi,682,46,191,2025-12-11,2409430.98
PRD00692,WH008,Dubai,421,45,141,2025-12-10,1487346.69
PRD00693,WH005,Chennai,677,116,93,2025-12-07,1887577.55
PRD00693,WH002,Mumbai,16,27,96,2025-12-07,44610.4
PRD00693,WH007,Bhubaneswar,547,46,155,2025-12-20,1525118.05
PRD00693,WH006,Kolkata,46,67,289,2025-12-04,128254.9
PRD00693,WH003,Delhi,698,91,64,2025-12-13,1946128.7
PRD00694,WH006,Kolkata,280,108,200,2025-12-25,1310139.6
PRD00694,WH008,Dubai,91,97,219,2025-12-18,425795.37
PRD00694,WH001,Bangalore,432,62,88,2025-12-07,2021358.24
PRD00694,WH003,Delhi,477,111,291,2025-12-18,2231916.39
PRD00694,WH005,Chennai,197,47,283,2025-12-18,921776.79
PRD00695,WH004,Hyderabad,749,22,50,2025-12-13,3934025.13
PRD00695,WH005,Chennai,290,43,297,2025-12-20,1523187.3
PRD00695,WH008,Dubai,472,62,293,2025-12-27,2479118.64
PRD00695,WH001,Bangalore,189,100,98,2025-12-17,992697.93
PRD00696,WH003,Delhi,213,113,134,2025-12-30,1884119.19
PRD00696,WH004,Hyderabad,615,55,269,2025-12-19,5440062.45
PRD00697,WH005,Chennai,27,98,295,2025-12-07,57660.66
PRD00697,WH004,Hyderabad,447,76,152,2025-12-18,954604.26
PRD00698,WH008,Dubai,603,23,120,2025-12-07,54823951.98
PRD00698,WH004,Hyderabad,884,95,212,2025-12-02,80372095.44
PRD00699,WH005,Chennai,634,68,70,2025-12-11,184887.08
PRD00699,WH008,Dubai,295,41,112,2025-12-17,86027.9
PRD00700,WH006,Kolkata,290,44,177,2025-12-03,1409533.4
PRD00700,WH004,Hyderabad,596,56,214,2025-12-25,2896834.16
PRD00700,WH003,Delhi,236,107,226,2025-12-03,1147068.56
PRD00701,WH002,Mumbai,385,78,288,2025-12-03,196249.9
PRD00701,WH007,Bhubaneswar,349,45,290,2025-12-26,177899.26
PRD00702,WH001,Bangalore,581,78,158,2025-12-17,46412911.93
PRD00702,WH008,Dubai,421,107,70,2025-12-23,33631387.13
PRD00703,WH004,Hyderabad,8,44,224,2025-12-12,146497.52
PRD00703,WH002,Mumbai,172,77,63,2025-12-03,3149696.68
PRD00703,WH007,Bhubaneswar,169,58,68,2025-12-25,3094760.11
PRD00703,WH008,Dubai,624,60,282,2025-12-13,11426806.56
PRD00703,WH006,Kolkata,872,31,116,2025-12-19,15968229.68
PRD00704,WH005,Chennai,828,98,209,2025-12-02,51385630.32
PRD00704,WH001,Bangalore,644,51,231,2025-12-26,39966601.36
PRD00704,WH008,Dubai,20,116,223,2025-12-01,1241198.8
PRD00704,WH003,Delhi,559,78,277,2025-12-20,34691506.46
PRD00705,WH003,Delhi,760,45,77,2025-12-12,2343133.2
PRD00705,WH005,Chennai,448,109,292,2025-12-02,1381215.36
PRD00705,WH006,Kolkata,220,20,265,2025-12-25,678275.4
PRD00705,WH002,Mumbai,629,107,60,2025-12-15,1939251.03
PRD00705,WH004,Hyderabad,766,25,141,2025-12-13,2361631.62
PRD00706,WH004,Hyderabad,90,64,288,2025-12-21,7273833.3
PRD00706,WH006,Kolkata,60,80,145,2025-12-16,4849222.2
PRD00707,WH007,Bhubaneswar,434,63,81,2025-12-10,1881129.6
PRD00707,WH006,Kolkata,550,105,161,2025-12-18,2383920.0
PRD00707,WH004,Hyderabad,633,102,149,2025-12-12,2743675.2
PRD00707,WH003,Delhi,132,102,237,2025-12-18,572140.8
PRD00708,WH004,Hyderabad,55,84,66,2025-12-04,65156.3
PRD00708,WH002,Mumbai,389,92,244,2025-12-16,460832.74
PRD00708,WH001,Bangalore,831,33,232,2025-12-15,984452.46
PRD00708,WH005,Chennai,618,22,204,2025-12-09,732119.88
PRD00708,WH007,Bhubaneswar,707,119,160,2025-12-19,837554.62
PRD00709,WH008,Dubai,735,102,54,2025-12-21,992397.0
PRD00709,WH002,Mumbai,674,65,102,2025-12-29,910034.8
PRD00710,WH002,Mumbai,297,74,113,2025-12-26,1510824.15
PRD00710,WH003,Delhi,667,109,224,2025-12-16,3392995.65
PRD00710,WH007,Bhubaneswar,20,48,272,2025-12-11,101739.0
PRD00710,WH005,Chennai,484,81,109,2025-12-28,2462083.8
PRD00711,WH004,Hyderabad,173,31,237,2025-12-07,938305.29
PRD00711,WH006,Kolkata,303,22,182,2025-12-19,1643390.19
PRD00711,WH008,Dubai,317,95,286,2025-12-28,1719322.41
PRD00711,WH001,Bangalore,893,82,275,2025-12-07,4843390.89
PRD00711,WH003,Delhi,10,99,223,2025-12-20,54237.3
PRD00712,WH004,Hyderabad,209,95,50,2025-12-03,1136569.17
PRD00712,WH008,Dubai,776,89,137,2025-12-08,4219988.88
PRD00712,WH003,Delhi,129,66,184,2025-12-10,701518.77
PRD00712,WH007,Bhubaneswar,848,105,90,2025-12-02,4611534.24
PRD00713,WH004,Hyderabad,611,118,102,2025-12-02,17577785.68
PRD00713,WH007,Bhubaneswar,631,24,113,2025-12-17,18153163.28
PRD00713,WH002,Mumbai,123,106,120,2025-12-26,3538572.24
PRD00713,WH008,Dubai,343,66,89,2025-12-14,9867725.84
PRD00714,WH001,Bangalore,109,34,50,2025-12-07,280325.11
PRD00714,WH002,Mumbai,829,89,164,2025-12-26,2132013.91
PRD00714,WH008,Dubai,25,80,217,2025-12-31,64294.75
PRD00715,WH007,Bhubaneswar,743,119,153,2025-12-15,717894.03
PRD00715,WH005,Chennai,319,111,158,2025-12-06,308220.99
PRD00715,WH006,Kolkata,804,54,157,2025-12-30,776832.84
PRD00716,WH005,Chennai,561,84,273,2025-12-10,1170548.94
PRD00716,WH008,Dubai,362,63,74,2025-12-30,755327.48
PRD00716,WH007,Bhubaneswar,805,68,122,2025-12-24,1679664.7
PRD00717,WH002,Mumbai,688,62,211,2025-12-02,474747.52
PRD00717,WH008,Dubai,234,70,237,2025-12-07,161469.36
PRD00718,WH008,Dubai,270,79,183,2025-12-16,43008.3
PRD00718,WH004,Hyderabad,637,20,263,2025-12-11,101467.73
PRD00718,WH003,Delhi,606,35,110,2025-12-07,96529.74
PRD00718,WH006,Kolkata,255,44,93,2025-12-01,40618.95
PRD00718,WH007,Bhubaneswar,9,58,271,2025-12-21,1433.61
PRD00719,WH006,Kolkata,707,28,118,2025-12-02,4352376.84
PRD00719,WH008,Dubai,843,82,61,2025-12-27,5189609.16
PRD00719,WH003,Delhi,764,50,250,2025-12-22,4703275.68
PRD00719,WH001,Bangalore,316,100,170,2025-12-24,1945333.92
PRD00719,WH005,Chennai,509,83,122,2025-12-21,3133465.08
PRD00720,WH008,Dubai,353,47,172,2025-12-04,893153.54
PRD00720,WH002,Mumbai,54,87,250,2025-12-01,136629.72
PRD00721,WH005,Chennai,789,63,57,2025-12-08,2706648.72
PRD00721,WH006,Kolkata,686,81,156,2025-12-23,2353309.28
PRD00721,WH001,Bangalore,2,64,137,2025-12-19,6860.96
PRD00721,WH008,Dubai,169,97,213,2025-12-24,579751.12
PRD00721,WH004,Hyderabad,185,99,71,2025-12-30,634638.8
PRD00722,WH002,Mumbai,760,102,231,2025-12-14,1670571.2
PRD00722,WH005,Chennai,58,69,249,2025-12-22,127490.96
PRD00722,WH008,Dubai,207,34,256,2025-12-14,455010.84
PRD00722,WH004,Hyderabad,638,116,202,2025-12-24,1402400.56
PRD00722,WH001,Bangalore,565,21,172,2025-12-10,1241937.8
PRD00723,WH004,Hyderabad,43,43,138,2025-12-19,21046.78
PRD00723,WH007,Bhubaneswar,195,79,237,2025-12-22,95444.7
PRD00723,WH005,Chennai,152,120,253,2025-12-20,74397.92
PRD00724,WH003,Delhi,514,104,230,2025-12-11,2298664.54
PRD00724,WH001,Bangalore,212,32,106,2025-12-27,948087.32
PRD00724,WH006,Kolkata,311,48,204,2025-12-17,1390826.21
PRD00724,WH002,Mumbai,591,87,206,2025-12-21,2643017.01
PRD00725,WH004,Hyderabad,863,71,275,2025-12-06,3673963.6
PRD00725,WH003,Delhi,204,24,291,2025-12-21,868468.8
PRD00726,WH008,Dubai,584,115,240,2025-12-17,3156695.2
PRD00726,WH002,Mumbai,540,73,51,2025-12-20,2918862.0
PRD00726,WH001,Bangalore,746,62,143,2025-12-19,4032353.8
PRD00726,WH004,Hyderabad,598,26,171,2025-12-25,3232369.4
PRD00726,WH007,Bhubaneswar,281,91,123,2025-12-20,1518889.3
PRD00727,WH005,Chennai,576,70,190,2025-12-30,2326947.84
PRD00727,WH003,Delhi,476,88,231,2025-12-01,1922963.84
PRD00727,WH004,Hyderabad,130,28,282,2025-12-28,525179.2
PRD00727,WH008,Dubai,520,97,164,2025-12-08,2100716.8
PRD00727,WH002,Mumbai,203,97,296,2025-12-19,820087.52
PRD00728,WH004,Hyderabad,94,100,113,2025-12-30,274493.16
PRD00728,WH002,Mumbai,585,66,212,2025-12-30,1708281.9
PRD00728,WH008,Dubai,488,95,255,2025-12-01,1425028.32
PRD00728,WH001,Bangalore,482,106,227,2025-12-07,1407507.48
PRD00729,WH002,Mumbai,634,44,111,2025-12-18,3320853.96
PRD00729,WH005,Chennai,85,54,76,2025-12-28,445224.9
PRD00730,WH002,Mumbai,200,52,233,2025-12-12,128122.0
PRD00730,WH006,Kolkata,311,21,265,2025-12-31,199229.71
PRD00730,WH001,Bangalore,81,70,98,2025-12-15,51889.41
PRD00730,WH007,Bhubaneswar,469,20,204,2025-12-24,300446.09
PRD00731,WH006,Kolkata,690,116,111,2025-12-27,217246.5
PRD00731,WH005,Chennai,142,89,290,2025-12-21,44708.7
PRD00731,WH008,Dubai,825,73,165,2025-12-08,259751.25
PRD00732,WH004,Hyderabad,422,29,211,2025-12-20,2253906.22
PRD00732,WH007,Bhubaneswar,866,98,219,2025-12-25,4625314.66
PRD00733,WH001,Bangalore,432,103,75,2025-12-03,2054207.52
PRD00733,WH004,Hyderabad,359,43,107,2025-12-31,1707084.49
PRD00733,WH006,Kolkata,458,90,157,2025-12-24,2177840.38
PRD00733,WH005,Chennai,568,119,270,2025-12-15,2700902.48
PRD00734,WH001,Bangalore,787,25,252,2025-12-14,1552766.74
PRD00734,WH003,Delhi,417,80,70,2025-12-26,822749.34
PRD00734,WH002,Mumbai,710,50,130,2025-12-03,1400844.2
PRD00734,WH006,Kolkata,479,103,278,2025-12-29,945076.58
PRD00734,WH008,Dubai,518,31,63,2025-12-19,1022024.36
PRD00735,WH006,Kolkata,723,36,89,2025-12-22,4292458.23
PRD00735,WH003,Delhi,569,117,194,2025-12-17,3378158.69
PRD00735,WH008,Dubai,570,93,213,2025-12-21,3384095.7
PRD00736,WH006,Kolkata,13,45,227,2025-12-29,44744.31
PRD00736,WH008,Dubai,409,83,135,2025-12-16,1407724.83
PRD00736,WH007,Bhubaneswar,820,47,296,2025-12-18,2822333.4
PRD00737,WH004,Hyderabad,794,108,208,2025-12-27,9907547.88
PRD00737,WH008,Dubai,168,117,160,2025-12-18,2096307.36
PRD00738,WH007,Bhubaneswar,647,64,297,2025-12-15,28448557.65
PRD00738,WH001,Bangalore,710,58,211,2025-12-30,31218664.5
PRD00738,WH004,Hyderabad,279,74,214,2025-12-06,12267616.05
PRD00739,WH007,Bhubaneswar,566,56,144,2025-12-13,2012560.16
PRD00739,WH001,Bangalore,776,37,286,2025-12-05,2759269.76
PRD00739,WH006,Kolkata,360,55,86,2025-12-09,1280073.6
PRD00739,WH004,Hyderabad,280,28,297,2025-12-18,995612.8
PRD00739,WH003,Delhi,754,104,198,2025-12-23,2681043.04
PRD00740,WH001,Bangalore,45,46,118,2025-12-20,216405.9
PRD00740,WH002,Mumbai,229,62,181,2025-12-05,1101265.58
PRD00740,WH008,Dubai,367,107,283,2025-12-05,1764910.34
PRD00740,WH007,Bhubaneswar,452,102,50,2025-12-27,2173677.04
PRD00741,WH007,Bhubaneswar,475,32,212,2025-12-23,282910.0
PRD00741,WH008,Dubai,297,68,280,2025-12-16,176893.2
PRD00742,WH001,Bangalore,455,80,217,2025-12-09,1284929.1
PRD00742,WH008,Dubai,354,58,186,2025-12-21,999703.08
PRD00742,WH003,Delhi,426,61,94,2025-12-24,1203032.52
PRD00743,WH006,Kolkata,263,60,123,2025-12-31,1071041.2
PRD00743,WH001,Bangalore,447,45,108,2025-12-23,1820362.8
PRD00744,WH005,Chennai,292,57,294,2025-12-29,1017509.04
PRD00744,WH008,Dubai,587,89,246,2025-12-13,2045471.94
PRD00745,WH008,Dubai,348,73,256,2025-12-10,706363.44
PRD00745,WH007,Bhubaneswar,791,76,231,2025-12-09,1605555.98
PRD00746,WH001,Bangalore,522,116,212,2025-12-08,460064.7
PRD00746,WH008,Dubai,666,52,198,2025-12-31,586979.1
PRD00746,WH004,Hyderabad,49,109,84,2025-12-08,43186.15
PRD00746,WH007,Bhubaneswar,625,116,200,2025-12-22,550843.75
PRD00747,WH001,Bangalore,656,58,159,2025-12-28,495955.68
PRD00747,WH002,Mumbai,800,79,185,2025-12-04,604824.0
PRD00748,WH006,Kolkata,549,37,87,2025-12-03,1618995.51
PRD00748,WH005,Chennai,598,103,210,2025-12-13,1763496.02
PRD00749,WH002,Mumbai,244,34,145,2025-12-31,205621.24
PRD00749,WH007,Bhubaneswar,320,64,197,2025-12-20,269667.2
PRD00749,WH006,Kolkata,229,117,128,2025-12-18,192980.59
PRD00749,WH001,Bangalore,768,108,141,2025-12-25,647201.28
PRD00750,WH004,Hyderabad,698,49,174,2025-12-21,498902.48
PRD00750,WH001,Bangalore,226,76,155,2025-12-28,161535.76
PRD00750,WH008,Dubai,261,45,293,2025-12-26,186552.36
PRD00750,WH005,Chennai,245,69,240,2025-12-23,175116.2
PRD00750,WH007,Bhubaneswar,564,61,274,2025-12-25,403124.64
PRD00751,WH006,Kolkata,882,120,108,2025-12-13,19594706.04
PRD00751,WH005,Chennai,352,77,174,2025-12-09,7820109.44
PRD00751,WH007,Bhubaneswar,112,28,176,2025-12-20,2488216.64
PRD00751,WH001,Bangalore,519,99,241,2025-12-14,11530218.18
PRD00752,WH006,Kolkata,177,27,135,2025-12-30,922256.73
PRD00752,WH002,Mumbai,615,78,96,2025-12-16,3204451.35
PRD00753,WH003,Delhi,516,63,233,2025-12-25,2290415.64
PRD00753,WH005,Chennai,626,26,139,2025-12-25,2778682.54
PRD00753,WH004,Hyderabad,261,67,133,2025-12-29,1158524.19
PRD00753,WH006,Kolkata,50,76,56,2025-12-18,221939.5
PRD00753,WH008,Dubai,558,83,230,2025-12-05,2476844.82
PRD00754,WH008,Dubai,843,88,222,2025-12-03,50310248.43
PRD00754,WH003,Delhi,362,109,172,2025-12-02,21604163.62
PRD00754,WH006,Kolkata,618,100,133,2025-12-04,36882246.18
PRD00754,WH005,Chennai,634,101,170,2025-12-08,37837126.34
PRD00755,WH003,Delhi,569,26,252,2025-12-20,34019753.23
PRD00755,WH002,Mumbai,407,24,292,2025-12-27,24333988.69
PRD00756,WH006,Kolkata,541,47,150,2025-12-18,137100.22
PRD00756,WH004,Hyderabad,169,108,295,2025-12-25,42827.98
PRD00756,WH007,Bhubaneswar,79,89,137,2025-12-28,20020.18
PRD00756,WH003,Delhi,99,24,256,2025-12-16,25088.58
PRD00757,WH001,Bangalore,748,109,235,2025-12-31,3356552.76
PRD00757,WH002,Mumbai,60,82,114,2025-12-11,269242.2
PRD00758,WH001,Bangalore,834,24,103,2025-12-24,6107790.66
PRD00758,WH007,Bhubaneswar,107,50,148,2025-12-13,783613.43
PRD00758,WH003,Delhi,31,68,263,2025-12-11,227028.19
PRD00758,WH002,Mumbai,876,94,298,2025-12-30,6415377.24
PRD00759,WH005,Chennai,107,101,144,2025-12-17,15890.57
PRD00759,WH006,Kolkata,155,101,281,2025-12-23,23019.05
PRD00759,WH003,Delhi,237,87,281,2025-12-06,35196.87
PRD00760,WH003,Delhi,584,85,149,2025-12-22,996385.76
PRD00760,WH005,Chennai,268,71,238,2025-12-20,457245.52
PRD00760,WH002,Mumbai,107,50,283,2025-12-25,182556.98
PRD00760,WH007,Bhubaneswar,457,88,76,2025-12-15,779705.98
PRD00760,WH001,Bangalore,665,88,107,2025-12-11,1134583.1
PRD00761,WH002,Mumbai,637,114,244,2025-12-15,638656.2
PRD00761,WH008,Dubai,381,26,141,2025-12-04,381990.6
PRD00762,WH002,Mumbai,871,45,281,2025-12-01,761358.52
PRD00762,WH005,Chennai,250,26,203,2025-12-15,218530.0
PRD00762,WH006,Kolkata,79,97,52,2025-12-20,69055.48
PRD00762,WH008,Dubai,823,86,223,2025-12-29,719400.76
PRD00762,WH003,Delhi,212,101,122,2025-12-05,185313.44
PRD00763,WH004,Hyderabad,174,98,148,2025-12-15,2956658.46
PRD00763,WH001,Bangalore,632,83,57,2025-12-23,10739127.28
PRD00764,WH002,Mumbai,350,99,196,2025-12-19,9541752.5
PRD00764,WH001,Bangalore,845,91,83,2025-12-29,23036516.75
PRD00764,WH007,Bhubaneswar,167,23,69,2025-12-23,4552779.05
PRD00765,WH003,Delhi,855,64,257,2025-12-07,5559329.7
PRD00765,WH008,Dubai,527,44,58,2025-12-12,3426627.78
PRD00766,WH003,Delhi,75,40,188,2025-12-02,295672.5
PRD00766,WH006,Kolkata,349,107,217,2025-12-19,1375862.7
PRD00766,WH002,Mumbai,128,37,188,2025-12-05,504614.4
PRD00767,WH004,Hyderabad,495,83,146,2025-12-27,24810568.2
PRD00767,WH002,Mumbai,456,120,294,2025-12-17,22855796.16
PRD00767,WH007,Bhubaneswar,823,78,206,2025-12-19,41250702.28
PRD00767,WH003,Delhi,375,24,84,2025-12-19,18795885.0
PRD00768,WH005,Chennai,855,118,252,2025-12-16,21493776.6
PRD00768,WH002,Mumbai,225,20,215,2025-12-19,5656257.0
PRD00768,WH001,Bangalore,585,93,299,2025-12-21,14706268.2
PRD00768,WH006,Kolkata,202,100,166,2025-12-03,5078061.84
PRD00768,WH008,Dubai,26,105,140,2025-12-28,653611.92
PRD00769,WH006,Kolkata,85,42,196,2025-12-30,356873.35
PRD00769,WH007,Bhubaneswar,597,27,221,2025-12-06,2506510.47
PRD00769,WH005,Chennai,651,42,250,2025-12-23,2733230.01
PRD00769,WH008,Dubai,578,32,131,2025-12-08,2426738.78
PRD00770,WH003,Delhi,801,32,233,2025-12-31,1336492.53
PRD00770,WH004,Hyderabad,83,84,59,2025-12-03,138487.99
PRD00770,WH008,Dubai,762,77,119,2025-12-06,1271419.86
PRD00770,WH006,Kolkata,455,92,262,2025-12-12,759181.15
PRD00771,WH003,Delhi,541,26,157,2025-12-09,718658.99
PRD00771,WH008,Dubai,738,95,292,2025-12-12,980351.82
PRD00771,WH001,Bangalore,851,73,206,2025-12-18,1130459.89
PRD00771,WH005,Chennai,136,31,230,2025-12-09,180661.04
PRD00771,WH006,Kolkata,119,67,190,2025-12-06,158078.41
PRD00772,WH008,Dubai,461,62,155,2025-12-07,767629.54
PRD00772,WH001,Bangalore,153,108,72,2025-12-01,254766.42
PRD00773,WH002,Mumbai,83,34,133,2025-12-18,700216.22
PRD00773,WH003,Delhi,407,120,142,2025-12-13,3433590.38
PRD00773,WH006,Kolkata,229,89,80,2025-12-09,1931921.86
PRD00774,WH003,Delhi,14,68,269,2025-12-15,90167.0
PRD00774,WH006,Kolkata,374,25,228,2025-12-11,2408747.0
PRD00774,WH001,Bangalore,600,70,74,2025-12-02,3864300.0
PRD00775,WH006,Kolkata,321,82,198,2025-12-16,2209061.01
PRD00775,WH008,Dubai,228,53,269,2025-12-26,1569052.68
PRD00775,WH005,Chennai,444,93,246,2025-12-06,3055523.64
PRD00775,WH007,Bhubaneswar,367,35,243,2025-12-02,2525624.27
PRD00775,WH001,Bangalore,68,57,144,2025-12-24,467963.08
PRD00776,WH007,Bhubaneswar,335,31,266,2025-12-14,310049.2
PRD00776,WH003,Delhi,640,107,136,2025-12-22,592332.8
PRD00776,WH005,Chennai,149,61,212,2025-12-18,137902.48
PRD00777,WH006,Kolkata,651,72,93,2025-12-24,1224400.8
PRD00777,WH001,Bangalore,130,86,284,2025-12-07,244504.0
PRD00777,WH003,Delhi,507,82,221,2025-12-06,953565.6
PRD00777,WH004,Hyderabad,133,35,207,2025-12-19,250146.4
PRD00777,WH005,Chennai,151,80,114,2025-12-16,284000.8
PRD00778,WH001,Bangalore,359,30,139,2025-12-25,801550.07
PRD00778,WH008,Dubai,176,67,203,2025-12-28,392960.48
PRD00778,WH002,Mumbai,628,91,189,2025-12-16,1402154.44
PRD00779,WH004,Hyderabad,847,59,131,2025-12-14,2145501.82
PRD00779,WH003,Delhi,593,33,196,2025-12-16,1502104.58
PRD00779,WH007,Bhubaneswar,636,84,171,2025-12-25,1611026.16
PRD00780,WH005,Chennai,521,24,147,2025-12-30,652807.79
PRD00780,WH001,Bangalore,303,79,117,2025-12-04,379655.97
PRD00781,WH008,Dubai,452,35,284,2025-12-24,2493354.04
PRD00781,WH004,Hyderabad,468,66,289,2025-12-05,2581614.36
PRD00781,WH006,Kolkata,376,71,295,2025-12-15,2074117.52
PRD00781,WH003,Delhi,663,65,65,2025-12-15,3657287.01
PRD00781,WH007,Bhubaneswar,0,115,225,2025-12-06,0.0
PRD00782,WH002,Mumbai,457,48,209,2025-12-26,1405736.57
PRD00782,WH003,Delhi,638,45,279,2025-12-06,1962494.38
PRD00782,WH006,Kolkata,734,81,76,2025-12-26,2257791.34
PRD00783,WH005,Chennai,56,75,171,2025-12-15,911560.16
PRD00783,WH008,Dubai,606,39,256,2025-12-13,9864383.16
PRD00783,WH003,Delhi,813,82,136,2025-12-05,13233900.18
PRD00784,WH002,Mumbai,204,54,137,2025-12-26,365690.4
PRD00784,WH001,Bangalore,42,63,210,2025-12-29,75289.2
PRD00785,WH003,Delhi,339,109,181,2025-12-23,545125.56
PRD00785,WH004,Hyderabad,376,98,254,2025-12-20,604623.04
PRD00785,WH008,Dubai,550,46,259,2025-12-22,884422.0
PRD00785,WH006,Kolkata,576,93,123,2025-12-22,926231.04
PRD00785,WH007,Bhubaneswar,504,77,224,2025-12-14,810452.16
PRD00786,WH003,Delhi,346,33,51,2025-12-02,216153.12
PRD00786,WH007,Bhubaneswar,669,78,64,2025-12-28,417937.68
PRD00786,WH005,Chennai,710,96,74,2025-12-07,443551.2
PRD00786,WH006,Kolkata,836,66,107,2025-12-14,522265.92
PRD00786,WH004,Hyderabad,71,65,190,2025-12-21,44355.12
PRD00787,WH003,Delhi,808,43,60,2025-12-02,4220935.44
PRD00787,WH005,Chennai,250,120,274,2025-12-28,1305982.5
PRD00787,WH001,Bangalore,547,40,285,2025-12-15,2857489.71
PRD00787,WH004,Hyderabad,876,45,294,2025-12-16,4576162.68
PRD00787,WH006,Kolkata,570,70,161,2025-12-19,2977640.1
PRD00788,WH003,Delhi,814,22,286,2025-12-09,31390965.76
PRD00788,WH004,Hyderabad,463,21,165,2025-12-21,17855057.92
PRD00788,WH002,Mumbai,186,70,256,2025-12-29,7172874.24
PRD00788,WH005,Chennai,648,61,59,2025-12-09,24989368.32
PRD00788,WH006,Kolkata,579,94,51,2025-12-31,22328463.36
PRD00789,WH003,Delhi,639,75,188,2025-12-13,22178884.86
PRD00789,WH004,Hyderabad,494,90,263,2025-12-09,17146117.56
PRD00789,WH007,Bhubaneswar,247,51,235,2025-12-22,8573058.78
PRD00789,WH008,Dubai,45,114,69,2025-12-25,1561893.3
PRD00789,WH002,Mumbai,853,81,134,2025-12-05,29606555.22
PRD00790,WH002,Mumbai,708,102,121,2025-12-24,35974386.24
PRD00790,WH007,Bhubaneswar,50,115,189,2025-12-23,2540564.0
PRD00790,WH008,Dubai,627,67,243,2025-12-21,31858672.56
PRD00790,WH003,Delhi,856,100,265,2025-12-20,43494455.68
PRD00790,WH006,Kolkata,875,69,100,2025-12-26,44459870.0
PRD00791,WH004,Hyderabad,615,58,254,2025-12-08,1874280.15
PRD00791,WH007,Bhubaneswar,713,92,293,2025-12-07,2172945.93
PRD00791,WH005,Chennai,430,24,82,2025-12-24,1310472.3
PRD00792,WH001,Bangalore,91,64,211,2025-12-06,17233.58
PRD00792,WH006,Kolkata,561,73,294,2025-12-30,106242.18
PRD00792,WH004,Hyderabad,431,106,65,2025-12-28,81622.78
PRD00793,WH003,Delhi,637,120,226,2025-12-28,1832406.94
PRD00793,WH001,Bangalore,516,30,96,2025-12-12,1484335.92
PRD00794,WH004,Hyderabad,678,85,86,2025-12-02,3864159.3
PRD00794,WH005,Chennai,798,70,227,2025-12-18,4548081.3
PRD00795,WH001,Bangalore,524,105,164,2025-12-05,1166769.84
PRD00795,WH006,Kolkata,79,75,248,2025-12-02,175906.14
PRD00795,WH002,Mumbai,297,116,174,2025-12-28,661318.02
PRD00795,WH004,Hyderabad,609,104,233,2025-12-01,1356035.94
PRD00796,WH002,Mumbai,93,21,215,2025-12-03,164460.27
PRD00796,WH008,Dubai,653,27,234,2025-12-27,1154758.67
PRD00796,WH006,Kolkata,157,23,161,2025-12-22,277637.23
PRD00797,WH007,Bhubaneswar,388,97,175,2025-12-03,2605967.08
PRD00797,WH001,Bangalore,410,90,177,2025-12-29,2753728.1
PRD00797,WH006,Kolkata,882,104,178,2025-12-18,5923873.62
PRD00798,WH005,Chennai,854,50,227,2025-12-21,2835732.62
PRD00798,WH008,Dubai,862,97,85,2025-12-25,2862296.86
PRD00799,WH002,Mumbai,74,104,70,2025-12-17,1482933.36
PRD00799,WH008,Dubai,632,84,294,2025-12-31,12665052.48
PRD00800,WH008,Dubai,388,73,165,2025-12-28,1436686.4
PRD00800,WH007,Bhubaneswar,143,43,110,2025-12-21,529500.4
PRD00800,WH001,Bangalore,382,60,279,2025-12-15,1414469.6
PRD00800,WH005,Chennai,613,89,76,2025-12-04,2269816.4
PRD00801,WH005,Chennai,531,49,122,2025-12-01,16525059.84
PRD00801,WH006,Kolkata,51,73,92,2025-12-14,1587152.64
PRD00801,WH004,Hyderabad,585,90,140,2025-12-18,18205574.4
PRD00801,WH003,Delhi,17,112,139,2025-12-08,529050.88
PRD00801,WH008,Dubai,308,45,271,2025-12-18,9585157.12
PRD00802,WH008,Dubai,88,64,119,2025-12-11,837687.84
PRD00802,WH003,Delhi,193,24,77,2025-12-22,1837201.74
PRD00802,WH004,Hyderabad,575,56,141,2025-12-17,5473528.5
PRD00802,WH001,Bangalore,644,112,57,2025-12-30,6130351.92
PRD00802,WH006,Kolkata,795,71,262,2025-12-04,7567748.1
PRD00803,WH008,Dubai,280,100,77,2025-12-31,309246.0
PRD00803,WH005,Chennai,279,101,174,2025-12-07,308141.55
PRD00804,WH004,Hyderabad,505,25,96,2025-12-30,499349.05
PRD00804,WH001,Bangalore,635,29,279,2025-12-30,627894.35
PRD00804,WH006,Kolkata,790,79,158,2025-12-23,781159.9
PRD00804,WH007,Bhubaneswar,397,101,248,2025-12-25,392557.57
PRD00805,WH006,Kolkata,462,59,100,2025-12-27,30118135.74
PRD00805,WH005,Chennai,12,75,286,2025-12-23,782289.24
PRD00805,WH002,Mumbai,734,58,219,2025-12-24,47850025.18
PRD00805,WH003,Delhi,655,90,119,2025-12-04,42699954.35
PRD00806,WH003,Delhi,135,116,222,2025-12-18,351724.95
PRD00806,WH007,Bhubaneswar,501,52,230,2025-12-28,1305290.37
PRD00807,WH008,Dubai,122,57,184,2025-12-27,1178463.88
PRD00807,WH004,Hyderabad,351,80,125,2025-12-08,3390498.54
PRD00807,WH007,Bhubaneswar,261,100,206,2025-12-17,2521139.94
PRD00807,WH002,Mumbai,887,99,172,2025-12-07,8568011.98
PRD00808,WH001,Bangalore,504,117,283,2025-12-30,618347.52
PRD00808,WH002,Mumbai,366,59,50,2025-12-12,449038.08
PRD00809,WH003,Delhi,715,67,256,2025-12-31,19544875.35
PRD00809,WH006,Kolkata,721,33,219,2025-12-27,19708888.29
PRD00809,WH004,Hyderabad,17,44,80,2025-12-06,464703.33
PRD00810,WH004,Hyderabad,446,27,264,2025-12-21,587618.38
PRD00810,WH002,Mumbai,870,75,117,2025-12-04,1146251.1
PRD00810,WH006,Kolkata,326,57,196,2025-12-31,429514.78
PRD00811,WH003,Delhi,725,45,186,2025-12-27,30610428.0
PRD00811,WH008,Dubai,119,30,202,2025-12-29,5024332.32
PRD00811,WH002,Mumbai,38,101,175,2025-12-26,1604408.64
PRD00812,WH007,Bhubaneswar,581,75,223,2025-12-17,105927.92
PRD00812,WH001,Bangalore,144,45,132,2025-12-28,26254.08
PRD00812,WH002,Mumbai,119,38,148,2025-12-26,21696.08
PRD00812,WH005,Chennai,373,32,161,2025-12-09,68005.36
PRD00812,WH006,Kolkata,313,97,118,2025-12-20,57066.16
PRD00813,WH008,Dubai,77,93,245,2025-12-16,3041821.09
PRD00813,WH001,Bangalore,790,35,207,2025-12-18,31208294.3
PRD00813,WH005,Chennai,171,70,108,2025-12-22,6755213.07
PRD00813,WH007,Bhubaneswar,817,109,277,2025-12-04,32274906.89
PRD00813,WH003,Delhi,867,100,289,2025-12-11,34250115.39
PRD00814,WH007,Bhubaneswar,703,90,247,2025-12-06,34865594.32
PRD00814,WH001,Bangalore,372,28,260,2025-12-03,18449503.68
PRD00814,WH008,Dubai,154,98,98,2025-12-02,7637697.76
PRD00815,WH002,Mumbai,692,45,69,2025-12-29,23149448.32
PRD00815,WH003,Delhi,286,45,67,2025-12-31,9567546.56
PRD00815,WH008,Dubai,672,96,103,2025-12-15,22480389.12
PRD00816,WH004,Hyderabad,837,118,245,2025-12-01,6138507.78
PRD00816,WH002,Mumbai,383,69,137,2025-12-07,2808899.02
PRD00817,WH007,Bhubaneswar,611,67,137,2025-12-06,9511980.79
PRD00817,WH008,Dubai,200,92,130,2025-12-05,3113578.0
PRD00817,WH002,Mumbai,444,93,250,2025-12-03,6912143.16
PRD00817,WH001,Bangalore,64,26,120,2025-12-24,996344.96
PRD00818,WH001,Bangalore,654,24,197,2025-12-03,98374.68
PRD00818,WH004,Hyderabad,833,41,143,2025-12-29,125299.86
PRD00819,WH002,Mumbai,14,39,253,2025-12-02,107221.38
PRD00819,WH001,Bangalore,710,103,105,2025-12-06,5437655.7
PRD00819,WH004,Hyderabad,406,111,153,2025-12-12,3109420.02
PRD00819,WH007,Bhubaneswar,506,101,120,2025-12-15,3875287.02
PRD00819,WH003,Delhi,223,42,222,2025-12-19,1707883.41
PRD00820,WH006,Kolkata,836,30,165,2025-12-11,31236078.28
PRD00820,WH008,Dubai,521,29,69,2025-12-03,19466503.33
PRD00820,WH005,Chennai,54,73,138,2025-12-31,2017641.42
PRD00821,WH005,Chennai,362,72,57,2025-12-25,332953.12
PRD00821,WH003,Delhi,619,51,172,2025-12-10,569331.44
PRD00821,WH004,Hyderabad,531,87,71,2025-12-10,488392.56
PRD00821,WH006,Kolkata,863,44,143,2025-12-11,793752.88
PRD00821,WH002,Mumbai,307,93,104,2025-12-01,282366.32
PRD00822,WH006,Kolkata,322,89,245,2025-12-23,435968.68
PRD00822,WH004,Hyderabad,338,98,199,2025-12-31,457631.72
PRD00822,WH003,Delhi,363,111,146,2025-12-11,491480.22
PRD00822,WH007,Bhubaneswar,343,49,243,2025-12-12,464401.42
PRD00823,WH001,Bangalore,335,65,222,2025-12-22,3250843.35
PRD00823,WH008,Dubai,323,98,174,2025-12-22,3134395.23
PRD00824,WH005,Chennai,463,84,119,2025-12-07,54787165.03
PRD00824,WH001,Bangalore,71,45,234,2025-12-29,8401487.51
PRD00824,WH004,Hyderabad,410,109,63,2025-12-21,48515632.1
PRD00825,WH007,Bhubaneswar,758,44,129,2025-12-02,3014550.84
PRD00825,WH005,Chennai,860,108,193,2025-12-03,3420202.8
PRD00825,WH002,Mumbai,21,21,193,2025-12-07,83516.58
PRD00826,WH004,Hyderabad,729,54,109,2025-12-07,29162216.16
PRD00826,WH008,Dubai,822,47,152,2025-12-23,32882498.88
PRD00826,WH001,Bangalore,493,89,180,2025-12-17,19721498.72
PRD00826,WH007,Bhubaneswar,840,43,275,2025-12-01,33602553.6
PRD00826,WH005,Chennai,825,109,131,2025-12-16,33002508.0
PRD00827,WH004,Hyderabad,831,81,158,2025-12-06,5192162.79
PRD00827,WH001,Bangalore,242,34,222,2025-12-23,1512037.78
PRD00827,WH002,Mumbai,710,51,285,2025-12-29,4436143.9
PRD00827,WH008,Dubai,295,61,288,2025-12-01,1843186.55
PRD00827,WH007,Bhubaneswar,714,29,212,2025-12-12,4461136.26
PRD00828,WH004,Hyderabad,397,21,104,2025-12-28,629046.5
PRD00828,WH002,Mumbai,171,75,114,2025-12-02,270949.5
PRD00829,WH001,Bangalore,468,100,253,2025-12-09,1400036.04
PRD00829,WH007,Bhubaneswar,324,100,159,2025-12-13,969255.72
PRD00829,WH003,Delhi,790,40,179,2025-12-31,2363308.7
PRD00830,WH001,Bangalore,603,54,115,2025-12-15,1568927.61
PRD00830,WH004,Hyderabad,95,30,231,2025-12-05,247177.65
PRD00830,WH005,Chennai,105,77,235,2025-12-12,273196.35
PRD00831,WH002,Mumbai,92,57,254,2025-12-27,42110.24
PRD00831,WH006,Kolkata,225,82,124,2025-12-29,102987.0
PRD00831,WH004,Hyderabad,466,23,210,2025-12-25,213297.52
PRD00831,WH005,Chennai,552,49,255,2025-12-19,252661.44
PRD00832,WH002,Mumbai,620,88,149,2025-12-08,2842582.2
PRD00832,WH001,Bangalore,184,83,133,2025-12-30,843605.04
PRD00832,WH005,Chennai,782,102,104,2025-12-11,3585321.42
PRD00832,WH004,Hyderabad,884,120,139,2025-12-09,4052972.04
PRD00833,WH006,Kolkata,586,95,60,2025-12-21,123985.88
PRD00833,WH004,Hyderabad,397,109,83,2025-12-04,83997.26
PRD00833,WH002,Mumbai,528,21,295,2025-12-31,111714.24
PRD00833,WH008,Dubai,859,66,158,2025-12-29,181747.22
PRD00833,WH005,Chennai,742,119,103,2025-12-19,156992.36
PRD00834,WH002,Mumbai,782,107,83,2025-12-19,747130.62
PRD00834,WH003,Delhi,865,48,196,2025-12-13,826429.65
PRD00834,WH005,Chennai,46,77,109,2025-12-24,43948.86
PRD00835,WH005,Chennai,219,61,134,2025-12-31,853112.31
PRD00835,WH001,Bangalore,823,47,296,2025-12-06,3205988.27
PRD00835,WH006,Kolkata,188,50,240,2025-12-04,732352.12
PRD00835,WH003,Delhi,290,89,234,2025-12-09,1129692.1
PRD00835,WH008,Dubai,571,30,201,2025-12-04,2224324.79
PRD00836,WH008,Dubai,181,101,291,2025-12-29,465544.67
PRD00836,WH001,Bangalore,11,49,98,2025-12-28,28292.77
PRD00836,WH003,Delhi,363,85,101,2025-12-29,933661.41
PRD00836,WH004,Hyderabad,388,49,293,2025-12-22,997963.16
PRD00837,WH007,Bhubaneswar,386,92,121,2025-12-29,778700.96
PRD00837,WH004,Hyderabad,59,45,75,2025-12-11,119024.24
PRD00838,WH003,Delhi,542,102,145,2025-12-14,814457.98
PRD00838,WH004,Hyderabad,372,43,81,2025-12-01,559000.68
PRD00838,WH001,Bangalore,657,110,199,2025-12-28,987267.33
PRD00838,WH008,Dubai,862,104,50,2025-12-16,1295318.78
PRD00839,WH001,Bangalore,236,31,284,2025-12-16,1781462.52
PRD00839,WH008,Dubai,356,22,137,2025-12-20,2687290.92
PRD00839,WH002,Mumbai,106,80,278,2025-12-12,800148.42
PRD00840,WH006,Kolkata,364,112,109,2025-12-31,1732075.8
PRD00840,WH005,Chennai,809,29,251,2025-12-08,3849586.05
PRD00840,WH007,Bhubaneswar,241,88,50,2025-12-17,1146786.45
PRD00841,WH007,Bhubaneswar,825,102,128,2025-12-29,289550.25
PRD00841,WH003,Delhi,242,99,286,2025-12-03,84934.74
PRD00841,WH006,Kolkata,416,93,88,2025-12-11,146003.52
PRD00841,WH008,Dubai,679,92,78,2025-12-08,238308.63
PRD00842,WH006,Kolkata,400,83,157,2025-12-12,3041452.0
PRD00842,WH007,Bhubaneswar,825,37,146,2025-12-08,6272994.75
PRD00843,WH003,Delhi,540,47,52,2025-12-18,865819.8
PRD00843,WH004,Hyderabad,31,68,144,2025-12-20,49704.47
PRD00843,WH008,Dubai,201,24,110,2025-12-09,322277.37
PRD00843,WH002,Mumbai,783,78,249,2025-12-03,1255438.71
PRD00843,WH001,Bangalore,202,79,83,2025-12-05,323880.74
PRD00844,WH005,Chennai,141,38,162,2025-12-31,147670.71
PRD00844,WH004,Hyderabad,603,27,150,2025-12-19,631527.93
PRD00844,WH008,Dubai,490,99,60,2025-12-25,513181.9
PRD00845,WH004,Hyderabad,367,83,206,2025-12-29,1183637.39
PRD00845,WH005,Chennai,489,91,199,2025-12-04,1577108.13
PRD00846,WH005,Chennai,886,47,286,2025-12-30,800917.42
PRD00846,WH002,Mumbai,796,90,259,2025-12-17,719560.12
PRD00846,WH006,Kolkata,802,60,133,2025-12-16,724983.94
PRD00846,WH004,Hyderabad,839,110,282,2025-12-16,758430.83
PRD00847,WH003,Delhi,367,52,90,2025-12-07,32410217.74
PRD00847,WH005,Chennai,434,65,111,2025-12-07,38327069.48
PRD00848,WH001,Bangalore,411,104,52,2025-12-27,1077354.3
PRD00848,WH006,Kolkata,466,52,268,2025-12-06,1221525.8
PRD00848,WH004,Hyderabad,394,95,82,2025-12-03,1032792.2
PRD00849,WH003,Delhi,213,36,223,2025-12-25,18699857.88
PRD00849,WH006,Kolkata,652,41,241,2025-12-03,57240879.52
PRD00849,WH002,Mumbai,302,40,211,2025-12-03,26513413.52
PRD00849,WH007,Bhubaneswar,670,73,50,2025-12-10,58821149.2
PRD00849,WH001,Bangalore,6,114,220,2025-12-26,526756.56
PRD00850,WH004,Hyderabad,413,21,201,2025-12-02,115561.53
PRD00850,WH006,Kolkata,272,79,217,2025-12-30,76108.32
PRD00850,WH001,Bangalore,842,97,173,2025-12-27,235600.02
PRD00850,WH002,Mumbai,592,39,190,2025-12-10,165647.52
PRD00850,WH005,Chennai,448,63,93,2025-12-16,125354.88
PRD00851,WH002,Mumbai,653,58,251,2025-12-03,1980986.51
PRD00851,WH001,Bangalore,653,58,254,2025-12-28,1980986.51
PRD00851,WH007,Bhubaneswar,111,70,300,2025-12-07,336737.37
PRD00851,WH006,Kolkata,357,61,213,2025-12-08,1083020.19
PRD00852,WH006,Kolkata,199,64,105,2025-12-29,16163665.55
PRD00852,WH003,Delhi,786,96,52,2025-12-11,63842417.7
PRD00852,WH005,Chennai,189,69,199,2025-12-19,15351421.05
PRD00852,WH007,Bhubaneswar,649,54,93,2025-12-27,52714668.05
PRD00852,WH008,Dubai,484,30,65,2025-12-13,39312633.8
PRD00853,WH007,Bhubaneswar,85,99,255,2025-12-14,289844.05
PRD00853,WH005,Chennai,32,25,239,2025-12-16,109117.76
PRD00853,WH004,Hyderabad,860,64,55,2025-12-07,2932539.8
PRD00854,WH002,Mumbai,823,109,231,2025-12-28,18190291.66
PRD00854,WH006,Kolkata,626,24,195,2025-12-02,13836114.92
PRD00854,WH005,Chennai,580,82,83,2025-12-13,12819403.6
PRD00855,WH005,Chennai,839,84,93,2025-12-03,2310001.92
PRD00855,WH008,Dubai,55,98,209,2025-12-10,151430.4
PRD00856,WH008,Dubai,521,71,168,2025-12-25,289577.01
PRD00856,WH002,Mumbai,208,28,240,2025-12-25,115608.48
PRD00856,WH004,Hyderabad,559,72,136,2025-12-25,310697.79
PRD00857,WH002,Mumbai,348,110,218,2025-12-29,21112498.8
PRD00857,WH005,Chennai,793,66,284,2025-12-17,48109803.3
PRD00857,WH004,Hyderabad,560,103,245,2025-12-17,33974136.0
PRD00858,WH007,Bhubaneswar,388,47,243,2025-12-15,2609280.6
PRD00858,WH004,Hyderabad,1,37,150,2025-12-02,6724.95
PRD00858,WH002,Mumbai,303,38,85,2025-12-14,2037659.85
PRD00858,WH001,Bangalore,634,85,57,2025-12-24,4263618.3
PRD00859,WH008,Dubai,274,93,262,2025-12-01,248781.04
PRD00859,WH005,Chennai,398,58,107,2025-12-06,361368.08
PRD00860,WH008,Dubai,891,46,51,2025-12-02,766536.21
PRD00860,WH004,Hyderabad,113,50,235,2025-12-29,97215.03
PRD00861,WH003,Delhi,238,55,95,2025-12-05,4064773.44
PRD00861,WH006,Kolkata,803,113,130,2025-12-21,13714340.64
PRD00861,WH001,Bangalore,209,54,219,2025-12-30,3569485.92
PRD00861,WH007,Bhubaneswar,290,91,89,2025-12-11,4952875.2
PRD00861,WH002,Mumbai,510,52,118,2025-12-13,8710228.8
PRD00862,WH001,Bangalore,320,95,71,2025-12-03,692256.0
PRD00862,WH005,Chennai,425,50,190,2025-12-18,919402.5
PRD00863,WH007,Bhubaneswar,804,53,181,2025-12-12,3476906.04
PRD00863,WH008,Dubai,871,117,271,2025-12-01,3766648.21
PRD00864,WH002,Mumbai,672,20,249,2025-12-06,1559799.36
PRD00864,WH008,Dubai,593,37,292,2025-12-25,1376430.09
PRD00865,WH004,Hyderabad,677,109,215,2025-12-18,6244972.96
PRD00865,WH002,Mumbai,713,87,193,2025-12-08,6577054.24
PRD00865,WH001,Bangalore,113,22,105,2025-12-03,1042366.24
PRD00866,WH006,Kolkata,577,108,283,2025-12-20,2042366.51
PRD00866,WH008,Dubai,611,22,144,2025-12-24,2162713.93
PRD00866,WH005,Chennai,217,120,112,2025-12-14,768099.71
PRD00866,WH003,Delhi,704,89,208,2025-12-10,2491899.52
PRD00866,WH001,Bangalore,417,26,252,2025-12-01,1476025.71
PRD00867,WH008,Dubai,70,106,257,2025-12-05,162864.1
PRD00867,WH003,Delhi,324,40,205,2025-12-27,753828.12
PRD00868,WH003,Delhi,876,34,101,2025-12-02,282422.4
PRD00868,WH007,Bhubaneswar,772,31,78,2025-12-04,248892.8
PRD00868,WH001,Bangalore,532,77,133,2025-12-05,171516.8
PRD00868,WH002,Mumbai,524,41,198,2025-12-30,168937.6
PRD00868,WH008,Dubai,253,97,257,2025-12-26,81567.2
PRD00869,WH004,Hyderabad,245,66,100,2025-12-23,157218.95
PRD00869,WH005,Chennai,672,50,276,2025-12-22,431229.12
PRD00869,WH003,Delhi,427,74,218,2025-12-20,274010.17
PRD00870,WH008,Dubai,342,89,106,2025-12-31,2239320.24
PRD00870,WH001,Bangalore,259,34,99,2025-12-14,1695859.48
PRD00870,WH006,Kolkata,117,40,265,2025-12-22,766083.24
PRD00870,WH007,Bhubaneswar,298,106,254,2025-12-01,1951220.56
PRD00870,WH003,Delhi,325,62,103,2025-12-25,2128009.0
PRD00871,WH005,Chennai,679,103,91,2025-12-23,1122604.28
PRD00871,WH003,Delhi,900,107,287,2025-12-20,1487988.0
PRD00871,WH008,Dubai,544,118,273,2025-12-06,899406.08
PRD00872,WH002,Mumbai,342,81,259,2025-12-16,29521101.42
PRD00872,WH006,Kolkata,417,115,57,2025-12-28,35995027.17
PRD00873,WH003,Delhi,707,39,111,2025-12-05,470854.93
PRD00873,WH005,Chennai,527,33,107,2025-12-22,350976.73
PRD00873,WH001,Bangalore,593,51,233,2025-12-24,394932.07
PRD00873,WH008,Dubai,425,104,124,2025-12-19,283045.75
PRD00874,WH003,Delhi,253,30,87,2025-12-29,585495.13
PRD00874,WH006,Kolkata,875,46,258,2025-12-24,2024933.75
PRD00875,WH005,Chennai,465,47,62,2025-12-03,367243.05
PRD00875,WH002,Mumbai,80,52,66,2025-12-14,63181.6
PRD00875,WH006,Kolkata,689,40,99,2025-12-10,544151.53
PRD00875,WH003,Delhi,644,22,140,2025-12-21,508611.88
PRD00875,WH008,Dubai,62,26,105,2025-12-17,48965.74
PRD00876,WH006,Kolkata,572,44,274,2025-12-06,2014675.52
PRD00876,WH003,Delhi,236,44,171,2025-12-20,831229.76
PRD00876,WH004,Hyderabad,825,95,176,2025-12-21,2905782.0
PRD00877,WH008,Dubai,228,89,141,2025-12-21,285608.76
PRD00877,WH007,Bhubaneswar,459,57,298,2025-12-26,574975.53
PRD00877,WH005,Chennai,175,23,287,2025-12-24,219217.25
PRD00877,WH004,Hyderabad,9,48,265,2025-12-30,11274.03
PRD00878,WH008,Dubai,564,71,73,2025-12-28,14467637.76
PRD00878,WH003,Delhi,392,56,233,2025-12-09,10055521.28
PRD00879,WH004,Hyderabad,637,97,173,2025-12-29,1073701.72
PRD00879,WH006,Kolkata,123,87,268,2025-12-21,207323.88
PRD00879,WH005,Chennai,448,71,228,2025-12-30,755130.88
PRD00880,WH001,Bangalore,147,105,240,2025-12-20,707380.17
PRD00880,WH005,Chennai,627,77,221,2025-12-09,3017192.97
PRD00880,WH008,Dubai,34,31,135,2025-12-18,163611.74
PRD00880,WH003,Delhi,8,34,210,2025-12-01,38496.88
PRD00881,WH005,Chennai,715,22,219,2025-12-21,3272161.75
PRD00881,WH003,Delhi,36,118,136,2025-12-15,164752.2
PRD00882,WH005,Chennai,54,22,167,2025-12-06,228464.82
PRD00882,WH008,Dubai,85,108,263,2025-12-31,359620.55
PRD00882,WH007,Bhubaneswar,324,57,171,2025-12-23,1370788.92
PRD00882,WH003,Delhi,174,114,201,2025-12-01,736164.42
PRD00883,WH001,Bangalore,441,66,175,2025-12-17,415929.15
PRD00883,WH002,Mumbai,266,29,84,2025-12-28,250877.9
PRD00884,WH007,Bhubaneswar,211,106,248,2025-12-24,382901.7
PRD00884,WH003,Delhi,418,45,180,2025-12-31,758544.6
PRD00884,WH006,Kolkata,261,98,236,2025-12-07,473636.7
PRD00884,WH005,Chennai,536,82,240,2025-12-05,972679.2
PRD00885,WH001,Bangalore,885,97,111,2025-12-01,400179.3
PRD00885,WH007,Bhubaneswar,898,70,136,2025-12-04,406057.64
PRD00885,WH005,Chennai,765,66,94,2025-12-08,345917.7
PRD00886,WH006,Kolkata,208,88,282,2025-12-11,1231341.28
PRD00886,WH002,Mumbai,168,52,127,2025-12-14,994544.88
PRD00887,WH007,Bhubaneswar,154,86,287,2025-12-04,938824.04
PRD00887,WH008,Dubai,224,21,235,2025-12-11,1365562.24
PRD00888,WH001,Bangalore,597,84,117,2025-12-07,7123821.9
PRD00888,WH003,Delhi,821,63,67,2025-12-01,9796746.7
PRD00888,WH002,Mumbai,553,62,60,2025-12-17,6598783.1
PRD00888,WH007,Bhubaneswar,682,111,157,2025-12-15,8138101.4
PRD00888,WH006,Kolkata,825,87,180,2025-12-07,9844477.5
PRD00889,WH004,Hyderabad,456,33,219,2025-12-02,3459530.64
PRD00889,WH008,Dubai,513,87,298,2025-12-27,3891971.97
PRD00889,WH007,Bhubaneswar,269,65,212,2025-12-17,2040819.61
PRD00889,WH005,Chennai,624,76,182,2025-12-25,4734094.56
PRD00890,WH006,Kolkata,721,97,150,2025-12-28,1167219.69
PRD00890,WH007,Bhubaneswar,843,102,81,2025-12-01,1364724.27
PRD00890,WH005,Chennai,394,38,112,2025-12-30,637842.66
PRD00891,WH001,Bangalore,633,84,102,2025-12-13,14830405.08
PRD00891,WH002,Mumbai,60,97,255,2025-12-07,1405725.6
PRD00892,WH008,Dubai,756,63,285,2025-12-22,547464.96
PRD00892,WH002,Mumbai,853,85,252,2025-12-03,617708.48
PRD00892,WH005,Chennai,484,30,244,2025-12-07,350493.44
PRD00892,WH007,Bhubaneswar,733,24,176,2025-12-04,530809.28
PRD00893,WH008,Dubai,135,101,74,2025-12-16,31974.75
PRD00893,WH001,Bangalore,812,77,144,2025-12-15,192322.2
PRD00894,WH008,Dubai,887,97,198,2025-12-14,4642327.38
PRD00894,WH007,Bhubaneswar,828,63,257,2025-12-10,4333536.72
PRD00894,WH002,Mumbai,563,47,163,2025-12-16,2946595.62
PRD00895,WH007,Bhubaneswar,299,76,64,2025-12-28,131551.03
PRD00895,WH004,Hyderabad,299,39,280,2025-12-27,131551.03
PRD00895,WH005,Chennai,722,33,298,2025-12-29,317658.34
PRD00895,WH008,Dubai,424,45,106,2025-12-19,186547.28
PRD00896,WH003,Delhi,188,114,118,2025-12-07,88747.28
PRD00896,WH005,Chennai,705,110,128,2025-12-02,332802.3
PRD00896,WH008,Dubai,500,113,85,2025-12-12,236030.0
PRD00896,WH004,Hyderabad,840,46,79,2025-12-03,396530.4
PRD00896,WH006,Kolkata,343,37,216,2025-12-05,161916.58
PRD00897,WH003,Delhi,187,70,291,2025-12-25,294625.98
PRD00897,WH008,Dubai,302,73,107,2025-12-20,475813.08
PRD00897,WH002,Mumbai,343,71,232,2025-12-01,540410.22
PRD00897,WH006,Kolkata,493,62,51,2025-12-22,776741.22
PRD00898,WH004,Hyderabad,713,84,207,2025-12-03,620053.32
PRD00898,WH007,Bhubaneswar,394,65,147,2025-12-24,342638.16
PRD00899,WH004,Hyderabad,526,24,235,2025-12-30,14134009.24
PRD00899,WH001,Bangalore,603,113,282,2025-12-31,16203056.22
PRD00899,WH002,Mumbai,437,102,82,2025-12-03,11742513.38
PRD00899,WH003,Delhi,754,70,131,2025-12-19,20260537.96
PRD00900,WH004,Hyderabad,566,56,249,2025-12-21,25053531.54
PRD00900,WH008,Dubai,566,64,252,2025-12-28,25053531.54
PRD00900,WH001,Bangalore,198,54,65,2025-12-31,8764309.62
PRD00901,WH004,Hyderabad,263,120,202,2025-12-17,10144764.75
PRD00901,WH003,Delhi,523,87,53,2025-12-19,20173809.75
PRD00901,WH001,Bangalore,618,66,171,2025-12-03,23838268.5
PRD00901,WH007,Bhubaneswar,125,61,287,2025-12-23,4821656.25
PRD00901,WH005,Chennai,176,67,235,2025-12-23,6788892.0
PRD00902,WH003,Delhi,55,62,158,2025-12-19,4133142.2
PRD00902,WH004,Hyderabad,421,53,106,2025-12-24,31637324.84
PRD00902,WH007,Bhubaneswar,596,28,216,2025-12-28,44788231.84
PRD00902,WH006,Kolkata,769,73,81,2025-12-31,57788842.76
PRD00902,WH005,Chennai,744,24,158,2025-12-12,55910141.76
PRD00903,WH005,Chennai,140,94,173,2025-12-13,3867221.4
PRD00903,WH004,Hyderabad,11,35,151,2025-12-19,303853.11
PRD00903,WH003,Delhi,95,51,113,2025-12-28,2624185.95
PRD00903,WH007,Bhubaneswar,711,108,215,2025-12-05,19639960.11
PRD00903,WH002,Mumbai,819,65,56,2025-12-11,22623245.19
PRD00904,WH004,Hyderabad,63,28,74,2025-12-04,40633.11
PRD00904,WH006,Kolkata,548,26,281,2025-12-08,353443.56
PRD00904,WH005,Chennai,88,86,176,2025-12-12,56757.36
PRD00904,WH003,Delhi,196,46,219,2025-12-28,126414.12
PRD00904,WH001,Bangalore,3,64,271,2025-12-13,1934.91
PRD00905,WH008,Dubai,311,43,183,2025-12-10,210301.31
PRD00905,WH001,Bangalore,176,32,135,2025-12-22,119012.96
PRD00905,WH003,Delhi,142,113,183,2025-12-30,96021.82
PRD00906,WH004,Hyderabad,220,70,291,2025-12-12,10290746.4
PRD00906,WH006,Kolkata,146,92,57,2025-12-14,6829313.52
PRD00906,WH002,Mumbai,439,29,69,2025-12-07,20534716.68
PRD00906,WH005,Chennai,573,90,188,2025-12-09,26802716.76
PRD00906,WH007,Bhubaneswar,583,77,119,2025-12-04,27270477.96
PRD00907,WH006,Kolkata,483,92,133,2025-12-08,849939.93
PRD00907,WH008,Dubai,92,71,261,2025-12-01,161893.32
PRD00908,WH008,Dubai,275,22,165,2025-12-30,5027646.25
PRD00908,WH007,Bhubaneswar,465,70,64,2025-12-10,8501292.75
PRD00908,WH002,Mumbai,133,31,50,2025-12-14,2431552.55
PRD00908,WH004,Hyderabad,133,68,61,2025-12-28,2431552.55
PRD00908,WH005,Chennai,49,89,119,2025-12-16,895835.15
PRD00909,WH008,Dubai,116,76,81,2025-12-10,116180.96
PRD00909,WH005,Chennai,186,76,78,2025-12-10,186290.16
PRD00910,WH005,Chennai,400,88,118,2025-12-20,394592.0
PRD00910,WH002,Mumbai,135,42,296,2025-12-09,133174.8
PRD00910,WH007,Bhubaneswar,327,95,128,2025-12-11,322578.96
PRD00910,WH004,Hyderabad,16,67,160,2025-12-21,15783.68
PRD00910,WH001,Bangalore,733,95,92,2025-12-20,723089.84
PRD00911,WH008,Dubai,499,98,186,2025-12-06,465527.08
PRD00911,WH001,Bangalore,458,37,226,2025-12-25,427277.36
PRD00911,WH007,Bhubaneswar,772,21,226,2025-12-17,720214.24
PRD00911,WH002,Mumbai,308,65,253,2025-12-23,287339.36
PRD00912,WH001,Bangalore,877,93,111,2025-12-03,48880568.47
PRD00912,WH004,Hyderabad,242,100,273,2025-12-03,13488138.62
PRD00912,WH007,Bhubaneswar,754,64,276,2025-12-09,42025026.94
PRD00913,WH006,Kolkata,193,48,95,2025-12-03,16236684.7
PRD00913,WH005,Chennai,884,39,64,2025-12-24,74369063.6
PRD00913,WH004,Hyderabad,698,114,283,2025-12-17,58721274.2
PRD00914,WH002,Mumbai,501,26,219,2025-12-17,912366.09
PRD00914,WH005,Chennai,277,115,294,2025-12-08,504441.93
PRD00914,WH001,Bangalore,140,64,229,2025-12-04,254952.6
PRD00915,WH001,Bangalore,0,85,83,2025-12-06,0.0
PRD00915,WH007,Bhubaneswar,389,83,80,2025-12-10,1753386.38
PRD00915,WH003,Delhi,663,61,222,2025-12-27,2988419.46
PRD00915,WH006,Kolkata,793,93,287,2025-12-30,3574384.06
PRD00915,WH008,Dubai,739,34,188,2025-12-21,3330983.38
PRD00916,WH003,Delhi,9,21,239,2025-12-02,36045.72
PRD00916,WH002,Mumbai,47,45,114,2025-12-05,188238.76
PRD00916,WH001,Bangalore,586,24,194,2025-12-10,2346976.88
PRD00916,WH005,Chennai,301,100,291,2025-12-28,1205529.08
PRD00916,WH004,Hyderabad,240,95,157,2025-12-19,961219.2
PRD00917,WH004,Hyderabad,684,68,198,2025-12-31,446282.64
PRD00917,WH007,Bhubaneswar,636,73,289,2025-12-07,414964.56
PRD00917,WH005,Chennai,756,40,173,2025-12-25,493259.76
PRD00917,WH008,Dubai,444,25,153,2025-12-07,289692.24
PRD00917,WH001,Bangalore,775,61,140,2025-12-14,505656.5
PRD00918,WH001,Bangalore,732,39,152,2025-12-05,15170714.64
PRD00918,WH002,Mumbai,813,61,147,2025-12-17,16849441.26
PRD00919,WH003,Delhi,279,53,148,2025-12-01,1417038.21
PRD00919,WH002,Mumbai,188,50,279,2025-12-07,954850.12
PRD00919,WH006,Kolkata,548,74,74,2025-12-27,2783286.52
PRD00919,WH007,Bhubaneswar,613,49,55,2025-12-16,3113420.87
PRD00919,WH008,Dubai,817,42,147,2025-12-31,4149534.83
PRD00920,WH003,Delhi,862,52,176,2025-12-10,3422872.7
PRD00920,WH005,Chennai,596,82,155,2025-12-17,2366626.6
PRD00921,WH008,Dubai,549,86,157,2025-12-02,5818032.99
PRD00921,WH001,Bangalore,182,41,172,2025-12-05,1928746.82
PRD00921,WH004,Hyderabad,821,26,197,2025-12-08,8700555.71
PRD00922,WH005,Chennai,867,26,192,2025-12-25,4193973.78
PRD00922,WH003,Delhi,554,115,176,2025-12-09,2679886.36
PRD00923,WH006,Kolkata,811,34,147,2025-12-13,2217630.84
PRD00923,WH003,Delhi,316,110,133,2025-12-21,864083.04
PRD00923,WH008,Dubai,412,22,102,2025-12-12,1126589.28
PRD00923,WH005,Chennai,256,29,82,2025-12-26,700016.64
PRD00924,WH006,Kolkata,288,92,139,2025-12-09,14270002.56
PRD00924,WH003,Delhi,773,37,253,2025-12-21,38301083.26
PRD00924,WH004,Hyderabad,503,81,183,2025-12-10,24922955.86
PRD00924,WH007,Bhubaneswar,626,25,50,2025-12-28,31017436.12
PRD00925,WH004,Hyderabad,12,56,155,2025-12-13,371396.64
PRD00925,WH002,Mumbai,215,52,266,2025-12-05,6654189.8
PRD00925,WH001,Bangalore,787,85,254,2025-12-04,24357429.64
PRD00925,WH003,Delhi,447,64,224,2025-12-16,13834524.84
PRD00925,WH008,Dubai,437,60,254,2025-12-09,13525027.64
PRD00926,WH006,Kolkata,76,90,204,2025-12-22,6137577.6
PRD00926,WH003,Delhi,656,35,244,2025-12-26,52976985.6
PRD00926,WH008,Dubai,768,105,107,2025-12-31,62021836.8
PRD00927,WH005,Chennai,581,120,52,2025-12-04,2522440.55
PRD00927,WH002,Mumbai,592,103,100,2025-12-19,2570197.6
PRD00927,WH003,Delhi,877,105,88,2025-12-08,3807539.35
PRD00927,WH008,Dubai,273,43,183,2025-12-16,1185243.15
PRD00927,WH001,Bangalore,744,85,149,2025-12-02,3230113.2
PRD00928,WH006,Kolkata,594,77,188,2025-12-08,172699.56
PRD00928,WH008,Dubai,281,112,157,2025-12-29,81697.94
PRD00928,WH002,Mumbai,551,54,150,2025-12-07,160197.74
PRD00929,WH004,Hyderabad,826,46,81,2025-12-16,381843.28
PRD00929,WH001,Bangalore,469,100,285,2025-12-23,216809.32
PRD00929,WH007,Bhubaneswar,38,101,175,2025-12-16,17566.64
PRD00929,WH002,Mumbai,61,51,131,2025-12-13,28199.08
PRD00929,WH008,Dubai,44,71,213,2025-12-21,20340.32
PRD00930,WH004,Hyderabad,876,31,287,2025-12-09,5083244.04
PRD00930,WH005,Chennai,145,110,53,2025-12-13,841404.55
PRD00931,WH001,Bangalore,851,68,265,2025-12-06,1698179.01
PRD00931,WH004,Hyderabad,477,28,223,2025-12-01,951858.27
PRD00931,WH003,Delhi,183,69,230,2025-12-22,365178.33
PRD00932,WH003,Delhi,60,35,250,2025-12-24,221221.8
PRD00932,WH006,Kolkata,384,33,189,2025-12-25,1415819.52
PRD00932,WH005,Chennai,457,68,187,2025-12-18,1684972.71
PRD00933,WH005,Chennai,543,26,133,2025-12-28,807337.83
PRD00933,WH001,Bangalore,126,118,228,2025-12-08,187338.06
PRD00933,WH008,Dubai,645,67,137,2025-12-09,958992.45
PRD00933,WH003,Delhi,812,33,156,2025-12-05,1207289.72
PRD00933,WH006,Kolkata,497,70,169,2025-12-03,738944.57
PRD00934,WH001,Bangalore,587,81,258,2025-12-16,3789331.54
PRD00934,WH007,Bhubaneswar,783,115,186,2025-12-04,5054593.86
PRD00934,WH003,Delhi,453,67,84,2025-12-03,2924305.26
PRD00935,WH007,Bhubaneswar,655,87,127,2025-12-19,1030701.45
PRD00935,WH005,Chennai,404,107,166,2025-12-13,635730.36
PRD00935,WH006,Kolkata,722,28,267,2025-12-20,1136131.98
PRD00935,WH003,Delhi,818,109,182,2025-12-25,1287196.62
PRD00936,WH006,Kolkata,431,95,205,2025-12-18,992506.8
PRD00936,WH004,Hyderabad,535,110,242,2025-12-09,1231998.0
PRD00936,WH005,Chennai,744,89,94,2025-12-05,1713283.2
PRD00936,WH001,Bangalore,813,93,109,2025-12-29,1872176.4
PRD00936,WH007,Bhubaneswar,562,109,170,2025-12-24,1294173.6
PRD00937,WH007,Bhubaneswar,546,80,125,2025-12-23,3473198.82
PRD00937,WH005,Chennai,838,89,96,2025-12-12,5330660.46
PRD00937,WH006,Kolkata,63,34,228,2025-12-04,400753.71
PRD00937,WH002,Mumbai,39,56,298,2025-12-25,248085.63
PRD00938,WH006,Kolkata,482,21,116,2025-12-15,32154041.66
PRD00938,WH001,Bangalore,680,34,257,2025-12-15,45362548.4
PRD00938,WH003,Delhi,882,85,118,2025-12-14,58837893.66
PRD00939,WH005,Chennai,24,102,121,2025-12-12,44272.08
PRD00939,WH004,Hyderabad,274,72,237,2025-12-31,505439.58
PRD00939,WH003,Delhi,286,99,139,2025-12-10,527575.62
PRD00940,WH002,Mumbai,96,65,86,2025-12-11,358322.88
PRD00940,WH006,Kolkata,883,86,57,2025-12-03,3295823.99
PRD00940,WH005,Chennai,787,52,285,2025-12-30,2937501.11
PRD00940,WH003,Delhi,53,47,179,2025-12-01,197824.09
PRD00940,WH008,Dubai,251,32,222,2025-12-02,936865.03
PRD00941,WH003,Delhi,168,72,193,2025-12-18,944072.64
PRD00941,WH008,Dubai,17,43,258,2025-12-21,95531.16
PRD00941,WH007,Bhubaneswar,835,69,122,2025-12-02,4692265.8
PRD00942,WH005,Chennai,665,93,76,2025-12-27,113269.45
PRD00942,WH002,Mumbai,612,24,132,2025-12-14,104241.96
PRD00942,WH006,Kolkata,300,79,294,2025-12-05,51099.0
PRD00942,WH007,Bhubaneswar,730,65,282,2025-12-10,124340.9
PRD00942,WH004,Hyderabad,444,93,195,2025-12-27,75626.52
PRD00943,WH005,Chennai,456,55,291,2025-12-12,291944.88
PRD00943,WH002,Mumbai,309,35,269,2025-12-22,197831.07
PRD00943,WH007,Bhubaneswar,631,94,59,2025-12-13,403985.13
PRD00943,WH004,Hyderabad,658,37,101,2025-12-24,421271.34
PRD00944,WH005,Chennai,19,47,198,2025-12-27,23492.17
PRD00944,WH002,Mumbai,386,49,145,2025-12-18,477261.98
PRD00944,WH006,Kolkata,749,52,114,2025-12-02,926086.07
PRD00944,WH004,Hyderabad,405,87,74,2025-12-23,500754.15
PRD00944,WH007,Bhubaneswar,880,30,132,2025-12-15,1088058.4
PRD00945,WH002,Mumbai,6,48,57,2025-12-24,5326.92
PRD00945,WH007,Bhubaneswar,416,80,268,2025-12-03,369333.12
PRD00945,WH004,Hyderabad,521,53,80,2025-12-04,462554.22
PRD00945,WH006,Kolkata,469,88,139,2025-12-10,416387.58
PRD00945,WH005,Chennai,841,117,218,2025-12-03,746656.62
PRD00946,WH003,Delhi,140,36,250,2025-12-19,185882.2
PRD00946,WH004,Hyderabad,361,77,136,2025-12-16,479310.53
PRD00946,WH001,Bangalore,579,87,160,2025-12-22,768755.67
PRD00946,WH006,Kolkata,804,79,265,2025-12-30,1067494.92
PRD00946,WH008,Dubai,441,89,205,2025-12-21,585528.93
PRD00947,WH005,Chennai,444,101,281,2025-12-28,754995.36
PRD00947,WH006,Kolkata,499,60,208,2025-12-27,848519.56
PRD00947,WH003,Delhi,892,47,183,2025-12-08,1516792.48
PRD00948,WH003,Delhi,206,26,146,2025-12-09,1113603.04
PRD00948,WH007,Bhubaneswar,701,97,158,2025-12-24,3789493.84
PRD00948,WH004,Hyderabad,293,86,233,2025-12-31,1583911.12
PRD00948,WH001,Bangalore,743,45,165,2025-12-01,4016539.12
PRD00949,WH003,Delhi,717,97,138,2025-12-22,16037017.11
PRD00949,WH002,Mumbai,705,98,77,2025-12-19,15768615.15
PRD00949,WH007,Bhubaneswar,385,93,206,2025-12-16,8611229.55
PRD00950,WH008,Dubai,644,99,78,2025-12-03,347695.6
PRD00950,WH006,Kolkata,478,55,174,2025-12-12,258072.2
PRD00950,WH007,Bhubaneswar,510,37,219,2025-12-28,275349.0
PRD00950,WH001,Bangalore,428,25,216,2025-12-21,231077.2
PRD00950,WH005,Chennai,401,48,165,2025-12-12,216499.9
PRD00951,WH005,Chennai,199,31,62,2025-12-13,212746.92
PRD00951,WH004,Hyderabad,235,23,125,2025-12-01,251233.8
PRD00951,WH007,Bhubaneswar,311,68,214,2025-12-07,332483.88
PRD00952,WH006,Kolkata,744,68,113,2025-12-15,2921055.6
PRD00952,WH004,Hyderabad,177,51,269,2025-12-13,694928.55
PRD00952,WH008,Dubai,403,113,146,2025-12-10,1582238.45
PRD00953,WH002,Mumbai,580,73,283,2025-12-07,3189965.2
PRD00953,WH005,Chennai,66,111,136,2025-12-11,362996.04
PRD00953,WH003,Delhi,53,106,186,2025-12-16,291496.82
PRD00953,WH004,Hyderabad,545,55,200,2025-12-07,2997467.3
PRD00954,WH001,Bangalore,472,63,226,2025-12-15,1050582.32
PRD00954,WH007,Bhubaneswar,821,29,175,2025-12-14,1827390.01
PRD00955,WH004,Hyderabad,822,75,207,2025-12-17,811322.22
PRD00955,WH001,Bangalore,117,75,72,2025-12-14,115480.17
PRD00955,WH007,Bhubaneswar,146,117,60,2025-12-15,144103.46
PRD00955,WH008,Dubai,847,72,81,2025-12-07,835997.47
PRD00955,WH002,Mumbai,746,29,133,2025-12-17,736309.46
PRD00956,WH003,Delhi,26,83,156,2025-12-07,892815.56
PRD00956,WH008,Dubai,307,99,280,2025-12-23,10542091.42
PRD00957,WH004,Hyderabad,793,100,173,2025-12-29,1505542.22
PRD00957,WH005,Chennai,140,38,126,2025-12-17,265795.6
PRD00957,WH003,Delhi,607,39,164,2025-12-28,1152413.78
PRD00958,WH005,Chennai,247,27,122,2025-12-14,215497.62
PRD00958,WH001,Bangalore,847,79,60,2025-12-16,738973.62
PRD00958,WH007,Bhubaneswar,489,32,214,2025-12-29,426632.94
PRD00958,WH003,Delhi,470,21,124,2025-12-12,410056.2
PRD00958,WH008,Dubai,569,78,265,2025-12-15,496429.74
PRD00959,WH008,Dubai,846,81,292,2025-12-15,2118197.88
PRD00959,WH007,Bhubaneswar,413,49,203,2025-12-14,1034061.14
PRD00959,WH006,Kolkata,345,57,103,2025-12-10,863804.1
PRD00960,WH002,Mumbai,96,98,176,2025-12-28,133639.68
PRD00960,WH007,Bhubaneswar,634,29,220,2025-12-31,882578.72
PRD00960,WH004,Hyderabad,203,112,134,2025-12-05,282592.24
PRD00961,WH007,Bhubaneswar,525,89,59,2025-12-18,2456370.0
PRD00961,WH002,Mumbai,148,113,192,2025-12-14,692462.4
PRD00961,WH005,Chennai,421,93,101,2025-12-16,1969774.8
PRD00962,WH004,Hyderabad,585,111,276,2025-12-19,2925169.65
PRD00962,WH005,Chennai,3,69,169,2025-12-25,15000.87
PRD00962,WH007,Bhubaneswar,110,81,258,2025-12-24,550031.9
PRD00962,WH006,Kolkata,282,105,225,2025-12-01,1410081.78
PRD00963,WH006,Kolkata,652,83,247,2025-12-28,2133885.16
PRD00963,WH003,Delhi,55,106,229,2025-12-10,180005.65
PRD00963,WH004,Hyderabad,577,53,246,2025-12-12,1888422.91
PRD00964,WH001,Bangalore,277,102,184,2025-12-20,80739.96
PRD00964,WH006,Kolkata,744,90,165,2025-12-24,216861.12
PRD00964,WH002,Mumbai,681,51,159,2025-12-09,198497.88
PRD00964,WH005,Chennai,449,42,246,2025-12-04,130874.52
PRD00965,WH008,Dubai,778,42,277,2025-12-11,3043069.2
PRD00965,WH004,Hyderabad,284,91,73,2025-12-27,1110837.6
PRD00965,WH001,Bangalore,677,61,271,2025-12-11,2648017.8
PRD00965,WH003,Delhi,371,89,165,2025-12-02,1451129.4
PRD00965,WH007,Bhubaneswar,630,77,204,2025-12-21,2464182.0
PRD00966,WH002,Mumbai,310,74,281,2025-12-13,281656.7
PRD00966,WH005,Chennai,482,49,177,2025-12-16,437930.74
PRD00966,WH003,Delhi,613,25,173,2025-12-29,556953.41
PRD00966,WH001,Bangalore,634,114,65,2025-12-17,576033.38
PRD00967,WH006,Kolkata,830,66,143,2025-12-26,1977632.7
PRD00967,WH001,Bangalore,367,43,243,2025-12-21,874447.23
PRD00967,WH007,Bhubaneswar,764,69,95,2025-12-22,1820375.16
PRD00967,WH002,Mumbai,847,25,283,2025-12-23,2018138.43
PRD00967,WH005,Chennai,500,62,262,2025-12-11,1191345.0
PRD00968,WH006,Kolkata,89,52,102,2025-12-14,39850.64
PRD00968,WH008,Dubai,190,36,218,2025-12-26,85074.4
PRD00968,WH003,Delhi,356,25,255,2025-12-20,159402.56
PRD00968,WH002,Mumbai,59,65,164,2025-12-04,26417.84
PRD00968,WH007,Bhubaneswar,435,105,144,2025-12-04,194775.6
PRD00969,WH004,Hyderabad,164,64,212,2025-12-30,15683.32
PRD00969,WH002,Mumbai,455,85,121,2025-12-13,43511.65
PRD00969,WH008,Dubai,33,30,265,2025-12-10,3155.79
PRD00970,WH008,Dubai,435,60,114,2025-12-24,4967282.4
PRD00970,WH006,Kolkata,473,112,172,2025-12-28,5401205.92
PRD00970,WH005,Chennai,783,40,260,2025-12-27,8941108.32
PRD00970,WH004,Hyderabad,896,22,93,2025-12-07,10231459.84
PRD00970,WH003,Delhi,722,78,120,2025-12-23,8244546.88
PRD00971,WH002,Mumbai,710,78,215,2025-12-02,2484524.3
PRD00971,WH006,Kolkata,314,95,61,2025-12-16,1098789.62
PRD00971,WH001,Bangalore,105,103,120,2025-12-16,367429.65
PRD00972,WH006,Kolkata,346,83,213,2025-12-25,579546.54
PRD00972,WH005,Chennai,656,63,86,2025-12-28,1098793.44
PRD00972,WH002,Mumbai,766,102,172,2025-12-28,1283042.34
PRD00972,WH004,Hyderabad,673,120,173,2025-12-22,1127268.27
PRD00973,WH002,Mumbai,52,20,105,2025-12-19,338959.92
PRD00973,WH003,Delhi,509,111,65,2025-12-15,3317896.14
PRD00974,WH006,Kolkata,155,105,114,2025-12-06,731748.8
PRD00974,WH008,Dubai,366,118,213,2025-12-28,1727871.36
PRD00974,WH001,Bangalore,16,115,286,2025-12-22,75535.36
PRD00975,WH005,Chennai,459,101,277,2025-12-11,1280880.81
PRD00975,WH001,Bangalore,238,53,259,2025-12-13,664160.42
PRD00975,WH007,Bhubaneswar,256,84,173,2025-12-05,714391.04
PRD00976,WH008,Dubai,56,40,161,2025-12-13,220346.56
PRD00976,WH006,Kolkata,553,41,187,2025-12-07,2175922.28
PRD00976,WH003,Delhi,224,33,62,2025-12-20,881386.24
PRD00976,WH007,Bhubaneswar,80,49,247,2025-12-31,314780.8
PRD00977,WH005,Chennai,721,37,55,2025-12-23,1685546.59
PRD00977,WH003,Delhi,309,29,162,2025-12-19,722377.11
PRD00977,WH007,Bhubaneswar,232,61,250,2025-12-29,542367.28
PRD00977,WH002,Mumbai,58,75,86,2025-12-30,135591.82
PRD00977,WH006,Kolkata,208,117,182,2025-12-21,486260.32
PRD00978,WH005,Chennai,35,47,298,2025-12-14,2157756.65
PRD00978,WH003,Delhi,340,85,298,2025-12-06,20961064.6
PRD00978,WH008,Dubai,101,43,217,2025-12-28,6226669.19
PRD00978,WH004,Hyderabad,878,90,198,2025-12-20,54128866.82
PRD00978,WH007,Bhubaneswar,176,81,64,2025-12-08,10850433.44
PRD00979,WH002,Mumbai,353,20,298,2025-12-03,336310.16
PRD00979,WH001,Bangalore,374,89,105,2025-12-25,356317.28
PRD00979,WH006,Kolkata,421,64,195,2025-12-22,401095.12
PRD00980,WH008,Dubai,565,68,164,2025-12-11,821916.8
PRD00980,WH003,Delhi,655,102,224,2025-12-17,952841.6
PRD00980,WH005,Chennai,159,65,291,2025-12-08,231300.48
PRD00980,WH007,Bhubaneswar,713,119,187,2025-12-19,1037215.36
PRD00980,WH006,Kolkata,645,44,244,2025-12-23,938294.4
PRD00981,WH004,Hyderabad,259,70,283,2025-12-01,528157.98
PRD00981,WH003,Delhi,865,60,148,2025-12-19,1763925.3
PRD00981,WH008,Dubai,724,87,267,2025-12-12,1476395.28
PRD00981,WH005,Chennai,237,28,279,2025-12-13,483295.14
PRD00981,WH007,Bhubaneswar,291,71,113,2025-12-29,593413.02
PRD00982,WH004,Hyderabad,273,93,239,2025-12-24,814173.36
PRD00982,WH006,Kolkata,201,102,219,2025-12-19,599446.32
PRD00982,WH005,Chennai,227,100,247,2025-12-08,676986.64
PRD00982,WH002,Mumbai,802,96,203,2025-12-18,2391820.64
PRD00983,WH006,Kolkata,601,98,227,2025-12-07,1552172.65
PRD00983,WH002,Mumbai,788,74,167,2025-12-08,2035128.2
PRD00983,WH007,Bhubaneswar,323,77,202,2025-12-11,834195.95
PRD00983,WH001,Bangalore,333,75,246,2025-12-01,860022.45
PRD00983,WH005,Chennai,110,93,155,2025-12-15,284091.5
PRD00984,WH004,Hyderabad,222,103,62,2025-12-12,15114144.06
PRD00984,WH006,Kolkata,347,93,111,2025-12-06,23624360.31
PRD00984,WH001,Bangalore,823,88,284,2025-12-02,56031263.79
PRD00984,WH007,Bhubaneswar,191,46,159,2025-12-11,13003610.43
PRD00985,WH008,Dubai,760,30,281,2025-12-20,71623479.2
PRD00985,WH001,Bangalore,240,34,190,2025-12-22,22617940.8
PRD00986,WH004,Hyderabad,647,71,297,2025-12-30,130435.2
PRD00986,WH008,Dubai,458,51,244,2025-12-18,92332.8
PRD00986,WH006,Kolkata,753,41,179,2025-12-21,151804.8
PRD00987,WH005,Chennai,429,34,131,2025-12-13,19063292.82
PRD00987,WH003,Delhi,776,120,130,2025-12-14,34482786.08
PRD00988,WH003,Delhi,489,93,197,2025-12-03,4455039.39
PRD00988,WH004,Hyderabad,555,27,213,2025-12-20,5056333.05
PRD00989,WH004,Hyderabad,25,91,206,2025-12-20,115081.25
PRD00989,WH003,Delhi,888,115,184,2025-12-12,4087686.0
PRD00990,WH002,Mumbai,704,93,145,2025-12-02,1848225.28
PRD00990,WH007,Bhubaneswar,57,67,230,2025-12-23,149643.24
PRD00991,WH001,Bangalore,878,59,101,2025-12-22,3001425.44
PRD00991,WH004,Hyderabad,540,98,140,2025-12-16,1845979.2
PRD00991,WH002,Mumbai,73,72,76,2025-12-17,249549.04
PRD00991,WH005,Chennai,889,58,75,2025-12-03,3039028.72
PRD00991,WH006,Kolkata,399,33,280,2025-12-10,1363973.52
PRD00992,WH002,Mumbai,199,74,178,2025-12-15,709403.16
PRD00992,WH001,Bangalore,695,39,198,2025-12-07,2477563.8
PRD00992,WH008,Dubai,366,72,68,2025-12-23,1304731.44
PRD00992,WH007,Bhubaneswar,799,71,176,2025-12-28,2848307.16
PRD00992,WH003,Delhi,383,34,99,2025-12-12,1365333.72
PRD00993,WH001,Bangalore,280,72,128,2025-12-02,521721.2
PRD00993,WH004,Hyderabad,559,64,138,2025-12-07,1041579.11
PRD00994,WH005,Chennai,454,24,50,2025-12-01,783041.04
PRD00994,WH001,Bangalore,445,20,180,2025-12-15,767518.2
PRD00994,WH006,Kolkata,314,107,135,2025-12-25,541574.64
PRD00994,WH002,Mumbai,398,120,274,2025-12-08,686454.48
PRD00995,WH002,Mumbai,357,116,173,2025-12-01,304910.13
PRD00995,WH007,Bhubaneswar,857,118,99,2025-12-17,731955.13
PRD00995,WH008,Dubai,306,52,217,2025-12-16,261351.54
PRD00996,WH003,Delhi,364,53,161,2025-12-22,33684596.4
PRD00996,WH007,Bhubaneswar,495,53,244,2025-12-29,45807349.5
PRD00996,WH005,Chennai,9,91,85,2025-12-29,832860.9
PRD00997,WH002,Mumbai,371,87,208,2025-12-23,723238.53
PRD00997,WH006,Kolkata,597,83,168,2025-12-28,1163809.71
PRD00998,WH004,Hyderabad,504,102,104,2025-12-25,44491300.56
PRD00998,WH006,Kolkata,274,40,114,2025-12-11,24187730.86
PRD00999,WH005,Chennai,278,27,238,2025-12-28,10059455.02
PRD00999,WH008,Dubai,389,24,260,2025-12-02,14076000.01
PRD00999,WH003,Delhi,783,22,291,2025-12-18,28332925.47
PRD00999,WH006,Kolkata,608,29,243,2025-12-21,22000534.72
PRD01000,WH001,Bangalore,563,26,189,2025-12-11,869260.74
PRD01000,WH003,Delhi,461,81,90,2025-12-04,711774.78
PRD01000,WH007,Bhubaneswar,5,77,288,2025-12-17,7719.9
PRD01000,WH005,Chennai,16,87,164,2025-12-01,24703.68
PRD01000,WH008,Dubai,833,34,264,2025-12-17,1286135.34
